Ciliated_cells;Cilia_p_value;Club_cells;Club_p_value;Endothelial_Cells;Endothelial_p_value;Epithelial_AT1_ME18.5;Epithelial_AT1_ME18.5_p_value;Epithelial_AT2;Epithelial_AT2_p_value;Lipo_Fibroblast;Lipo_Fibroblast_p_value;Matrix_Fibroblast;Matrix_Fibroblast_p_value;Myeloid_Immune Cells_ME18.5;Myeloid_Immune Cells_ME18.5_p_value;MyoFibroblast_ME18.5;MyoFibroblast_ME18.5_p_value
Meig1;0;Cited1;0;Cdh5;0.000001;Msln;0;Il33;0;Shisa2;0;Mfsd9;0.000001;AI607873;0;Myocd;0
Mks1;0;Gabrp;0;Ets1;0.000001;S100a14;0;Pla2g1b;0;Aars2;0.000001;Cpxm1;0.000001;Aim1;0;Insc;0.000001
Mlf1;0;Gm16845;0;Cd34;0.000001;Sema3b;0;S100g;0;Kcnk13;0.000001;E130311K13Rik;0.000001;Bin2;0;Smpx;0.000001
Morn5;0;Gsta3;0;Mmrn2;0.000003;Tekt5;0;Tspan11;0;Aspg;0.000001;Aldh1l1;0.000005;C1qa;0;Ntn4;0.000001
Myb;0;Kcnk2;0;Cd93;0.000004;Clic5;0;Acoxl;0;Ppp1r3f;0.000001;Gm14403;0.000018;Fmnl1;0;Nrgn;0.000001
Nek11;0;1810044D09Rik;0;Col4a2;0.000004;Col4a3;0;Atp6v1c2;0;Col12a1;0.000002;Plekhf1;0.000025;Gpsm3;0;Ldb3;0.000001
Nphp1;0;Atp13a4;0;BC028528;0.000005;Dapk2;0;Cela1;0;D330050I16Rik;0.000003;Terf2ip;0.000052;Hcls1;0;Kcnk3;0.000001
Nudt11;0;Kptn;0;C920021L13Rik;0.000006;Edn3;0;Sftpb;0.000001;Col25a1;0.000027;Fez1;0.000055;Il18;0;Kcne1l;0.000001
Odf3b;0;Krt15;0;Clec14a;0.000007;Emp2;0;Ros1;0.000001;Fancc;0.000033;Abca8a;0.000055;Metrnl;0;Jph1;0.000001
Oscp1;0;Lrrc26;0;Ppp1r16b;0.000008;Fxyd4;0.000001;Dlk1;0.000001;Thg1l;0.000044;Gpsm2;0.000055;Pnpla7;0;Ebf4;0.000001
Otud1;0;Lypd2;0;Pecam1;0.000013;Igfbp6;0.000001;Camsap3;0.000001;Slc52a2;0.000055;Sult5a1;0.000066;Siglec1;0;Clhc1;0.000001
Pcyt1b;0;Megf6;0;Mest;0.000015;Ager;0.000002;Snx7;0.000001;Hebp1;0.000055;Chpf;0.000066;Slc15a3;0;Asb2;0.000001
Pgc;0;Noxa1;0;Rasip1;0.000017;Nbeal2;0.000002;Syngr1;0.000001;Lipe;0.000055;Hic1;0.000079;Cd200r1;0;Adamts14;0.000001
Pifo;0;Tmem14a;0;Gpihbp1;0.000026;Scnn1b;0.000002;Pcsk6;0.000001;Thap2;0.000061;Mfap5;0.000079;Cd68;0;Hlf;0.000002
Pih1d2;0;Tmem40;0;Gimap6;0.000026;Sema3a;0.000002;Cd164l2;0.000001;Zfp953;0.000079;Mnd1-ps;0.000079;Dock2;0;Evc;0.000002
Pih1d3;0;Upk1a;0;Erg;0.000034;Akap5;0.000002;Ctnnal1;0.000001;Meox2;0.000089;Relb;0.000079;Spi1;0;Crispld2;0.000008
Stk33;0;Upk3a;0;Emcn;0.000036;Aqp5;0.000002;Itga9;0.000001;Acss3;0.000095;Adamtsl2;0.000097;Trpv2;0;Tiam2;0.000015
Tcp11;0;Zfp296;0.000001;Cldn5;0.000039;Rtkn2;0.000002;Bex2;0.000001;Slc36a2;0.00011;Mier2;0.000106;Pld4;0.000001;Sep.05;0.000043
Tekt1;0;Mir3064;0.000001;Ahr;0.000042;Gprc5a;0.000003;Abca13;0.000001;Mansc4;0.000111;Mnd1;0.000111;Rassf5;0.000001;Myc;0.000055
Tekt2;0;Clec11a;0.000001;Fli1;0.000042;Tmem37;0.000003;6330416G13Rik;0.000002;Mvk;0.000111;Oplah;0.000134;Cd53;0.000001;Notum;0.000055
Tekt4;0;Cnga2;0.000001;Egfl7;0.000049;Pdpn;0.000004;Egfl6;0.000002;Dpt;0.000132;Ptgis;0.000163;Slc36a1;0.000001;Greb1;0.000055
Tex26;0;Crb1;0.000001;S1pr1;0.000049;Wdr45;0.000004;Lyz1;0.000003;Macf1;0.000165;Plac9b;0.000285;Tifab;0.000001;Prelp;0.000055
Tmem25;0;Tnnc1;0.000001;Rasgrp3;0.000054;Tinagl1;0.000004;Lpcat1;0.000003;Enpep;0.000271;Sfrp1;0.000316;Pilra;0.000001;Abat;0.000055
Tmem67;0;Steap1;0.000001;Fgd5;0.000054;Myh14;0.000005;Etv5;0.000003;Rras2;0.000283;Ramp3;0.000454;Bcl2a1a;0.000001;Ifitm10;0.000055
Tnn;0;Fbxl19;0.000001;Ptprb;0.000063;Vegfa;0.000005;Zfp385b;0.000004;Chst15;0.000345;Fam19a5;0.000454;Btk;0.000001;Adam33;0.000055
Tnni3;0;Galnt5;0.000001;Sox7;0.000067;2200002D01Rik;0.000005;Meg3;0.000005;Hoxb3;0.00035;Serpina3n;0.000454;Itgb2;0.000001;Pdlim3;0.000055
Tomm20l;0;Gm13710;0.000001;Jam2;0.000073;Wnt3a;0.000005;Lamp3;0.000005;Kctd5;0.00035;Sncg;0.000454;Pik3ap1;0.000001;Cap2;0.000055
Traf1;0;Gpx2;0.000001;Tmem100;0.000084;Ddc;0.000005;Car8;0.000005;Slc46a2;0.000454;Snord35a;0.000454;Arhgap9;0.000001;Ckb;0.000066
Ttc12;0;Gria1;0.000001;Tie1;0.000085;Rgcc;0.000006;Slc34a2;0.000006;Xlr4a;0.000454;Sorcs3;0.000454;Cfp;0.000002;Ntsr2;0.000079
Ttc18;0;Grin2d;0.000001;Snrk;0.000092;Prkag3;0.000006;Scd1;0.000006;Vstm2a;0.000454;Stard6;0.000454;Bcl2a1d;0.000002;Aoc3;0.000079
Ttc21a;0;Spdef;0.000001;Gimap4;0.000098;Col4a4;0.000006;Dram1;0.000006;Xrcc2;0.000454;Stfa2;0.000454;Myo1f;0.000002;Ddr2;0.000114
Ttc25;0;Snora26;0.000001;Lphn2;0.00011;Krt7;0.000007;Nipal1;0.000006;Slc47a1;0.000454;Stfa2l1;0.000454;Mpeg1;0.000002;Bbs7;0.000135
Ttc36;0;1700018L02Rik;0.000001;Ly6a;0.000124;Lmo7;0.000007;Sftpa1;0.000006;Sprtn;0.000454;Fgf14;0.000454;Gm8615;0.000002;6330549D23Rik;0.000163
Ttll6;0;1810064F22Rik;0.000001;Esam;0.000127;Clasrp;0.000008;Cxcl15;0.000007;Tmem233;0.000454;Gareml;0.000454;Sash3;0.000003;Dido1;0.000308
Ubxn10;0;Slc16a11;0.000001;Aplnr;0.000141;Cryab;0.000008;Abca3;0.000007;Zscan2;0.000454;Gbgt1;0.000454;Ccl6;0.000003;Zhx3;0.000316
Ugt8a;0;AI593442;0.000001;Ace;0.000172;Hopx;0.00001;Hc;0.000008;Fitm1;0.000454;Gm10400;0.000454;Ifi205;0.000003;Hspb7;0.000454
Ulk4;0;Abcc8;0.000001;Lmo2;0.000182;Ndst1;0.000011;Bex4;0.000008;Gdf6;0.000454;Gm5416;0.000454;Coro1a;0.000003;Id4;0.000454
Vwa3a;0;Ace2;0.000001;Nav1;0.000185;Akr1c14;0.000012;Fasn;0.000009;Gm10421;0.000454;Gpr4;0.000454;Clec4n;0.000003;Il12rb1;0.000454
Wdr16;0;Adh7;0.000001;Ddah1;0.000195;Tspan2;0.000014;Reep4;0.000009;Gm16287;0.000454;Hoxa1;0.000454;AF251705;0.000004;Inhba;0.000454
Wdr78;0;Aldh3a1;0.000001;Wscd1;0.000228;Slc6a14;0.000015;Pi4k2b;0.000009;Gm5129;0.000454;Hsd17b7;0.000454;Parvg;0.000004;Kcnj12;0.000454
Wdr93;0;Sgsm1;0.000001;Pitpnc1;0.000228;Ass1;0.000015;Tmem164;0.00001;Kcnj6;0.000454;Itgbl1;0.000454;Fermt3;0.000004;Kcnmb1;0.000454
Zc2hc1c;0;Ptpn5;0.000001;Pomc;0.000228;Zfp266;0.000016;Acot1;0.00001;LOC101243624;0.000454;Larp6;0.000454;Arhgap30;0.000004;Kiss1;0.000454
Zfp572;0;Ppapdc1a;0.000001;Gm16740;0.000228;Bcam;0.000021;Mt2;0.000011;Lrrc8b;0.000454;Serpina3i;0.000454;Tmem86a;0.000005;Lhcgr;0.000454
Zmynd10;0;Blnk;0.000001;Skida1;0.000228;Cldn18;0.000022;Avpi1;0.000011;Naip1;0.000454;E130018N17Rik;0.000454;Ms4a6c;0.000005;Map3k7cl;0.000454
Znrd1as;0;Popdc2;0.000001;Sema6a;0.000274;Scnn1g;0.000023;Cftr;0.000011;Nr5a2;0.000454;Dusp5;0.000454;Adap1;0.000005;Mark1;0.000454
Ak7;0;Mrgpre;0.000001;Elk3;0.000278;Fam134b;0.000024;Retnla;0.000013;Peg10;0.000454;Depdc7;0.000454;Axl;0.000006;Mir3101;0.000454
Aqp7;0;Zpbp2;0.000001;Lyve1;0.00028;Gja1;0.000026;Lama3;0.000013;Phf11c;0.000454;Manr;0.000454;Pik3r6;0.000006;Mmp21;0.000454
Armc3;0;Chad;0.000003;Cd200;0.000299;Murc;0.000028;Chil1;0.000014;1700028K03Rik;0.000454;Mapk4;0.000454;Msr1;0.000006;Mrgprh;0.000454
Armc4;0;Sirt5;0.000005;Ugcg;0.000312;Tspan8;0.00003;Napsa;0.000014;1700108F19Rik;0.000454;Mar.03;0.000454;Gna15;0.000006;Nap1l5;0.000454
Arvcf;0;Lpcat4;0.000008;Cdr2l;0.000356;Plp2;0.000032;Hdc;0.000015;4930547E14Rik;0.000454;Masp1;0.000454;Clec4a3;0.000007;Ngf;0.000454
Avil;0;Cckar;0.000008;Lpar6;0.000357;Lama5;0.000034;Sdc1;0.000016;4930579K19Rik;0.000454;Mcm9;0.000454;Stap1;0.000007;Nrn1l;0.000454
BC030307;0;Syn3;0.000008;Ephb4;0.000364;Tshb;0.000035;Ppp1r1a;0.000017;5930412G12Rik;0.000454;Mettl13;0.000454;Ugt1a7c;0.000007;Ntf3;0.000454
BC051019;0;BC030867;0.000008;She;0.000368;Serpinb6b;0.000036;Csf2;0.000017;Adtrp;0.000454;Nell2;0.000454;Mx1;0.000007;Nxnl2;0.000454
Bcas1;0;Ephb3;0.000012;Plvap;0.000378;AA986860;0.000037;Pla2g4f;0.000017;Alkbh2;0.000454;Prtn3;0.000454;9430076C15Rik;0.000007;Otof;0.000454
Cadm2;0;1700012D01Rik;0.000016;Tspan7;0.000391;Il18r1;0.000047;Urah;0.000017;Amph;0.000454;Tmem200a;0.000454;Arrb2;0.000007;Parm1;0.000454
Calb2;0;Mia;0.000016;Btbd3;0.000426;Cdkn2b;0.000055;Rnase4;0.000018;Aoc2;0.000454;Ucn2;0.000454;Mocos;0.000007;Ptchd1;0.000454
Catip;0;Fam132a;0.000018;Fam65a;0.000457;Fzd2;0.00006;Mid1ip1;0.000018;Aven;0.000454;Xlr3b;0.000454;Znf41-ps;0.000007;Rgs7bp;0.000454
Ccdc108;0;BC029722;0.000033;Sox17;0.000474;Plb1;0.000064;Cebpa;0.000019;Best3;0.000454;2010005H15Rik;0.000454;Cyb561a3;0.000009;Sbk3;0.000454
Ccdc11;0;Slc33a1;0.000048;Pde4b;0.000507;Tspan15;0.000066;Npc1;0.000019;Car11;0.000454;2810442N19Rik;0.000454;Rac2;0.00001;Shd;0.000454
Ccdc113;0;Mboat1;0.000049;Acvr1;0.000542;Ahnak;0.000068;Cenpu;0.00002;Cbln3;0.000454;4931428L18Rik;0.000454;Plet1;0.00001;Six4;0.000454
Ccdc151;0;Igsf1;0.000049;Piezo2;0.00055;Mal2;0.00007;Atp8a1;0.00002;Ccdc51;0.000454;4933407K13Rik;0.000454;Cd52;0.000011;Slc20a2;0.000454
Ccdc155;0;4930562F07Rik;0.000068;Fscn1;0.000555;Map6;0.000073;Alb;0.000021;Ces1f;0.000454;Aldh1a3;0.000454;Pilrb1;0.000011;Slc26a6;0.000454
Ccdc176;0;Arhgap8;0.000068;Foxf1;0.000565;S100a6;0.000088;Serpinf1;0.000023;Col9a2;0.000454;Apod;0.000454;H2-DMa;0.000011;Slc38a11;0.000454
Ccdc24;0;Rdh10;0.000068;Rps4l;0.000566;Nhlrc3;0.000091;Fabp5;0.000025;Ddx51;0.000454;Aqp9;0.000454;Alox5ap;0.000011;Slc6a17;0.000454
Ccdc30;0;Tchp;0.000115;Cd38;0.000596;Usp39;0.000091;Sftpd;0.000025;Dpep3;0.000454;Atxn7l2;0.000454;Cd48;0.000013;Sntg2;0.000454
Ccdc40;0;C330018D20Rik;0.00013;Emp1;0.000601;1010001N08Rik;0.000091;Rian;0.000025;F630028O10Rik;0.000454;Catsperg2;0.000454;Ear2;0.000013;Sod3;0.000454
Ccdc60;0;Aldh1a1;0.000155;Hmgb1-rs17;0.000602;Myl7;0.000091;Slc26a9;0.000026;3830408C21Rik;0.000473;Crabp1;0.000454;Dok2;0.000013;Syp;0.000454
Ccdc65;0;F2rl1;0.000179;Scn3b;0.000624;Evpl;0.000091;Atp1b1;0.000027;Cxcl14;0.000473;D430041D05Rik;0.000454;Fcer1g;0.000014;Tal2;0.000454
Ccdc67;0;Arsb;0.000208;Dach1;0.000641;Fgfbp1;0.000093;Ppp1r14c;0.000028;Slc38a5;0.000498;Dctd;0.000454;Treml4;0.000016;Tfpi2;0.000454
Ccdc73;0;Itih5;0.000224;Tspan13;0.000645;Slco3a1;0.000111;Rilp;0.000029;Taf1a;0.000513;Tram1l1;0.000473;Irf5;0.000017;2410018L13Rik;0.000454
Ccna1;0;5330417C22Rik;0.000224;Myct1;0.000683;Pias1;0.000118;Rbm38;0.000029;Tmem218;0.000513;Lipt1;0.000473;Siglece;0.000018;4933408B17Rik;0.000454
Cep128;0;Tmem181b-ps;0.000224;Ece1;0.000692;Exph5;0.000127;Gjb6;0.000029;4930487H11Rik;0.000514;Tbx2;0.000487;LOC100038947;0.000018;AI197445;0.000454
Cyp2s1;0;Zhx2;0.000279;Plekha2;0.000726;Cystm1;0.000134;Cox6a2;0.000029;Plin2;0.000529;Tsen15;0.000498;Evi2a;0.000018;AI427809;0.000454
Dbpht2;0;Ccdc130;0.000331;Cd151;0.000781;Trpm6;0.000142;Sema4f;0.000029;Fam149b;0.000578;Steap4;0.000527;Iars;0.000019;Aard;0.000454
Dnaaf1;0;Hars2;0.00037;Igfbp4;0.000791;Ndnf;0.000188;Vcpkmt;0.000033;D330023K18Rik;0.000578;Tspan4;0.000541;Slc16a10;0.000019;Adra1d;0.000454
Dnaaf3;0;Tjap1;0.000381;Mgll;0.000801;Wwp1;0.000189;Soat1;0.000033;Zfp280c;0.000579;Deaf1;0.000542;Fam96a;0.00002;Ankrd34a;0.000454
Dnah10;0;Cldn4;0.000386;Thbd;0.000843;Abhd17c;0.000257;Ptplad1;0.000035;Frrs1l;0.000619;Ifitm1;0.000567;Lilrb4;0.000021;Arhgef9;0.000454
Dnah2;0;Sfn;0.000386;Homer3;0.000891;Stk36;0.000262;Gne;0.000035;Ikbke;0.000619;Yars2;0.000619;Tlr2;0.000021;B4galt2;0.000454
Dnah6;0;Cnksr2;0.000399;Glp1r;0.000919;Phtf2;0.00031;9330182L06Rik;0.000041;Vldlr;0.000677;Cped1;0.00065;Cyba;0.000022;BC051628;0.000454
Dnah7b;0;Cldn23;0.000399;Ly6c1;0.000983;Rab12;0.000355;Gas6;0.000046;Wdr90;0.000746;Cacna1d;0.0008;Oas1a;0.000022;Bdkrb2;0.000454
Dnah9;0;Cdk20;0.000399;Myzap;0.001013;Osbpl6;0.000358;Cpne2;0.000049;Mtap7d3;0.000805;St8sia2;0.000805;Myo1g;0.000022;C030039L03Rik;0.000454
Dnajb13;0;Cd276;0.000399;Tmem88;0.001103;Sh2d4a;0.000366;Dpp4;0.000057;Nox1;0.000805;Gm12839;0.000805;Gm13546;0.000022;C1qtnf5;0.000454
Dnajc5b;0;Tyw3;0.000399;Serinc3;0.001125;Tmem63b;0.000404;Bhlhe41;0.000057;A630012P03Rik;0.000805;Ltbp4;0.000837;Bcl2a1b;0.000023;C530044C16Rik;0.000454
Dnali1;0;Socs1;0.000399;Dusp3;0.001167;Nedd4l;0.00042;Mccc1;0.00007;Parp11;0.000837;Lrrc17;0.001136;Rassf4;0.000023;Ccdc106;0.000454
Dppa5a;0;Gfra1;0.000399;Mkl2;0.001168;Mpp5;0.000467;Lgi3;0.000082;Adrb3;0.000897;Frem1;0.001148;Slfn2;0.000024;Ccdc136;0.000454
Drc1;0;Mamdc4;0.000399;Il2rg;0.001195;Lrrc16a;0.000504;Ccnj;0.000086;Itga8;0.001003;Fblim1;0.001205;Ptprc;0.000024;Cd247;0.000454
Dyx1c1;0;Lpin3;0.000399;Abcg2;0.00123;Gramd2;0.000591;P2rx4;0.000093;Fgf10;0.001003;Mphosph9;0.001317;Gcnt1;0.000025;Cd3g;0.000454
Dzank1;0;Nek3;0.000399;Slc43a3;0.001249;Rnf126;0.000591;Cthrc1;0.000097;Ppm1k;0.001116;Ptger1;0.001495;Csf2rb;0.000027;Ckm;0.000454
E230019M04Rik;0;BC051226;0.000399;Tsg101;0.001333;Rassf7;0.000595;Fam110a;0.000111;Ssbp3;0.001136;Reck;0.001498;Lsp1;0.000027;Dcst1;0.000454
Efcab10;0;BC030870;0.000399;Gng2;0.001408;Rab25;0.000612;Ggcx;0.000114;Rasgrp2;0.001149;Tcf21;0.001528;Tlr7;0.000027;E130309D02Rik;0.000454
Efcab12;0;Olfr856-ps1;0.000399;Frmd4a;0.001502;Tmc4;0.000657;Igsf5;0.000119;Smoc2;0.001268;Plac9a;0.001899;Tyrobp;0.000028;Glt8d2;0.000454
Efhb;0;AU022754;0.000399;Ifi44;0.001548;Krt18;0.000661;Rab27a;0.000121;Npr3;0.001295;St13;0.001923;Cybb;0.000028;Gm10474;0.000454
Efs;0;Pcdhb22;0.000399;Prkd2;0.001585;Wnk1;0.000688;Stard3nl;0.000124;Fn1;0.001412;Colec12;0.001936;Lcp2;0.000029;Gm11747;0.000454
Elmod1;0;1810021B22Rik;0.000399;Tmem252;0.001627;Rnf181;0.000716;Qpct;0.000133;Rbp1;0.001419;Nsmf;0.001942;Clec7a;0.000031;Gm20754;0.000454
Fam154b;0;1500011B03Rik;0.000399;2900026A02Rik;0.001661;Cnksr1;0.000735;St6galnac2;0.00014;Cyr61;0.001427;Olfml3;0.001994;Csf1r;0.000032;Gm4787;0.000454
Fam160a1;0;Gprasp2;0.000399;Tjp1;0.001734;Cers2;0.000864;Fam110b;0.00014;Gemin8;0.001487;Mfap4;0.001996;Pilrb2;0.000033;Gpr114;0.000454
Fam161a;0;Myh13;0.000399;Zeb1;0.00176;Sfxn3;0.000907;Tmprss4;0.00014;Dab2;0.001493;Cdh11;0.002119;Cd44;0.000033;Gpr88;0.000454
Fam179a;0;Rhbg;0.000399;Heatr3;0.001879;Zfp747;0.000926;Tgoln1;0.000149;Pik3r4;0.001495;E030013I19Rik;0.002183;Ptplad2;0.000037;Grin2b;0.000454
Fam183b;0;Eaf2;0.000399;Zfp366;0.001946;Xndc1;0.000926;Mbip;0.00016;Cdyl;0.001495;Rab3d;0.002188;Ctss;0.000038;Grip2;0.000454
Fam92b;0;Rbbp8nl;0.000399;Stab2;0.001946;Myrf;0.000926;Sec14l4;0.00016;Scn2b;0.001495;6030408B16Rik;0.002218;Gpr160;0.000039;U90926;0.000454
Fbxo16;0;Rab17;0.000399;Ddx60;0.00198;2210011C24Rik;0.000926;Slco4c1;0.000166;Diablo;0.001498;Cdadc1;0.002236;Snx10;0.000041;Zfp628;0.000454
Lrguk;0;Ubtd1;0.00049;Lxn;0.002055;4930549G23Rik;0.000926;C6;0.000168;Heph;0.00154;Stx11;0.002704;Nckap1l;0.000041;Hfe2;0.000454
Lrrc10b;0;Fam207a;0.000632;Slc4a2;0.002083;Elovl5;0.000928;Gsap;0.000211;Adamts12;0.001668;Gm14393;0.002704;Bmx;0.000041;Hoxd13;0.000454
Lrrc23;0;Smim19;0.000643;Hmgcl;0.002252;Tnfrsf4;0.000941;Gm11744;0.000235;Pde6d;0.001668;Fibin;0.002744;1600014C10Rik;0.000041;Hrct1;0.000454
Lrrc34;0;Rorc;0.000653;Epas1;0.002267;Cdh3;0.00111;Cldn7;0.000239;Olfr1033;0.001755;Eln;0.00279;Fcgr3;0.000042;Kat6b;0.000472
Lrrc48;0;Rpusd3;0.000669;Zfpm1;0.00229;Mmab;0.00111;Acsl4;0.000249;Bmper;0.001755;Gls;0.002938;Tnfrsf1b;0.000042;B3gat2;0.000473
Lrrc6;0;Akr1c19;0.000669;Trp53i11;0.002305;Rusc1;0.001124;Lcmt2;0.000281;Adh1;0.001841;Slc50a1;0.002978;Rel;0.000044;Tnnt3;0.000473
Lrriq1;0;Aqp4;0.000669;Ccdc85a;0.00235;Aagab;0.001143;Wdr91;0.000284;Ptprd;0.002097;Taok2;0.003;Pag1;0.000044;E130310I04Rik;0.000473
Maats1;0;Pglyrp1;0.000807;Rcc1;0.002391;Adcy6;0.00116;Ptprf;0.000301;Smarcal1;0.002123;Chst2;0.0031;Gm2a;0.000044;Cacnb2;0.000473
Plch2;0;Aatf;0.000842;Cand2;0.002391;Zbtb8b;0.001292;Me1;0.000326;Rasa2;0.002158;Lox;0.003227;Lypla2;0.000047;Thsd4;0.000473
Ppil6;0;Cldn12;0.000842;Ccdc102a;0.002391;Aqp11;0.001298;E030019B13Rik;0.000328;Pcdhac2;0.002183;Slc16a9;0.003254;Selplg;0.000047;Rai2;0.000473
Ppp1r36;0;1110004E09Rik;0.000847;Gm9776;0.002391;Mpst;0.001298;Slc31a1;0.000367;Slit2;0.002201;Pyroxd2;0.003334;Laptm5;0.000048;Pcp4l1;0.000473
Rab36;0;Myo1h;0.000847;Opn1sw;0.002391;4930525G20Rik;0.001298;Stau2;0.00037;Ermp1;0.002218;Chic1;0.003334;E230029C05Rik;0.000051;Nrxn3;0.000473
Rbm11;0;Acsl1;0.001299;Chst1;0.002391;Slc43a1;0.001298;Tlr5;0.00037;Tmppe;0.002438;C1s1;0.003334;C5ar2;0.000051;Lmod1;0.000473
Rfx2;0;Tuft1;0.001381;Gata3;0.002391;Prom2;0.001298;Kcnc3;0.00037;Parp2;0.00248;Ndufv1;0.00336;Man2b1;0.000051;Kank1;0.000474
Rgs22;0;Zfp874b;0.001419;Glis1;0.002391;Pcdhb8;0.001298;Irf6;0.000374;Clpx;0.002674;Grb10;0.003455;Hist1h2ai;0.000051;Lgr4;0.000504
Riiad1;0;Cryl1;0.001486;Gm11944;0.002391;Mycn;0.001298;Prr15l;0.000404;Proca1;0.002704;Plxdc2;0.003533;Gal;0.000051;Flywch1;0.000619
Rnf182;0;Mgat3;0.001486;Ces2g;0.002391;Leprel1;0.001298;Mlc1;0.000419;Fbxo21;0.002704;Fbxo45;0.003591;Sirpa;0.000059;Trim36;0.000619
Rptoros;0;Col23a1;0.001489;Amd1;0.002446;F8;0.001298;Ak1;0.000419;Serpine2;0.002706;Hdac1;0.0037;Ptk2b;0.000061;Cldn1;0.000619
Rsph1;0;Foxa1;0.001637;Ldb2;0.002489;Enthd2;0.001298;5730408K05Rik;0.000429;Fubp1;0.002743;Gas7;0.003756;Evi2a-evi2b;0.000062;Cacnb3;0.000619
Serpina9;0;4930453N24Rik;0.001637;Amd2;0.002534;Dnajc25;0.001298;Bpifb5;0.000429;Stbd1;0.002748;Tle3;0.003839;Fcgr1;0.000062;Sema4g;0.000619
Smim5;0;Maff;0.001852;Cyp2d22;0.002578;Cenpv;0.001298;Klk14;0.000453;Snhg6;0.002776;Dnajc4;0.003853;AW112010;0.000062;Polr3h;0.000703
Spag17;0;Ccdc88c;0.002021;Ddx11;0.002688;Cdk6;0.001298;Piwil4;0.000453;Fopnl;0.00294;Hsdl2;0.003942;AI662270;0.000064;Gpc6;0.000805
Spag6;0;Arc;0.002053;Pcdh17;0.002744;Sema3e;0.001495;Trpv6;0.000464;Adamts1;0.003113;Zfp580;0.004092;Myo7a;0.000064;Casq1;0.000805
Spag8;0;Tspyl5;0.002143;Reep1;0.002824;4933426M11Rik;0.001533;Zfp607;0.000464;Agl;0.003168;Atp1a2;0.004199;Arpc1b;0.000065;Clip3;0.000805
Spata18;0;Plxnb1;0.002143;Smarca2;0.002983;Cdkn1b;0.001545;Gm5424;0.000482;Tbc1d7;0.003334;Chtf8;0.00428;Sh2d1b1;0.000065;Adamts8;0.000805
Spef2;0;6030458C11Rik;0.002143;Igip;0.003049;Bend4;0.001593;Scd2;0.000491;Tlr8;0.003334;Wdr5;0.00428;Sirpb1b;0.000071;Pik3ip1;0.000895
Fhit;0;Stx19;0.002143;Armcx4;0.003117;Tirap;0.001708;Epcam;0.000527;Gata5;0.003334;Adamts2;0.004402;Evl;0.000071;Cenpq;0.001001
Fitm2;0;Fahd1;0.00222;Acer2;0.003168;Mpp7;0.001731;Ubr1;0.000541;Glis3;0.003334;Tmem38b;0.004666;Coro2a;0.000072;Gm15446;0.001025
Foxj1;0;Pus1;0.002563;Tcf4;0.003241;Rai14;0.001765;Fam69b;0.000553;Phex;0.003334;Litaf;0.004754;Pkib;0.000072;Slc22a21;0.001041
Fsip1;0;Timm10;0.002563;Fas;0.00342;Serinc5;0.001777;Fzd8;0.000553;Zfhx2;0.003342;Nid1;0.004876;Wipf1;0.000076;Chn1;0.001125
Gad1os;0;Ppl;0.002671;Kdr;0.003492;Ints9;0.001815;Oat;0.000559;Drap1;0.003529;G0s2;0.005104;Fam105a;0.000085;Rcn2;0.001156
Glb1l;0;Dtna;0.002728;Jup;0.003517;Smim7;0.001842;Dpp9;0.00056;Pcmtd2;0.003533;Dpep1;0.005104;Gm14005;0.000087;Evc2;0.001208
Gm11992;0;Col4a6;0.003047;Gimap1;0.003665;Fam174b;0.001949;Atp6v1b2;0.000581;Traf2;0.003591;Prkab2;0.005147;1810033B17Rik;0.000092;Kpna4;0.001229
Gm166;0;Akap7;0.003196;Fam212a;0.004166;Erbb3;0.002144;Cst8;0.00061;Lemd3;0.003591;Ciz1;0.005245;Cebpb;0.000093;Ednrb;0.001256
Gm973;0;Tspan1;0.003196;Fry;0.004242;Zfp937;0.00215;Sowahb;0.00061;Klhl2;0.003597;Bgn;0.005281;Ccl4;0.000099;Fkbp7;0.001273
Gper1;0;Kcnk1;0.003262;Tomm40l;0.004324;Tecrl;0.002316;Emc9;0.00061;Sep.04;0.0037;Xdh;0.00546;Cd84;0.000109;Eif3d;0.001459
Gpr155;0;Ddr1;0.003262;Cdipt;0.004341;2810474O19Rik;0.002339;Fam101a;0.00061;Sybu;0.004092;Rabep1;0.005511;Tifa;0.000115;Tagln;0.001479
Gpt2;0;4930556M19Rik;0.003262;Kitl;0.004472;Pdzk1ip1;0.002463;Cyb561d1;0.00061;Ercc5;0.004206;Pcolce;0.005756;Sh3bp2;0.000115;Pygb;0.001495
Hydin;0;Tmie;0.003406;Ablim1;0.004547;Ctdspl;0.002513;Slc25a33;0.00061;Slc7a10;0.00428;Dmwd;0.005895;A630033H20Rik;0.000115;Itgav;0.001528
Intu;0;Tyro3;0.003406;Arl2bp;0.00466;Rab11fip1;0.002515;Pla2g4c;0.00061;4931406C07Rik;0.004403;Isoc1;0.006065;Pmaip1;0.000115;Dzip1;0.001668
Iqca;0;Celsr2;0.003406;Lta4h;0.004745;Rab13;0.002527;Ovol2;0.00061;Upf2;0.004454;Heatr6;0.006144;Emr4;0.000115;Col5a1;0.001676
Iqub;0;Tbc1d30;0.003406;Cog1;0.00476;Bmpr1a;0.002614;Matn4;0.00061;Dock4;0.004685;Ptgs2;0.006167;Amz1;0.000115;Cd248;0.001755
Itpka;0;Sla2;0.003406;Hspa12b;0.00476;Pard6b;0.002664;Lhpp;0.00061;Mrps6;0.004972;Zbtb5;0.006167;Sp110;0.000116;2610306M01Rik;0.001755
Klhdc9;0;Sntb1;0.003406;Jak1;0.004836;Rhof;0.002664;Itih4;0.00061;Ppm1a;0.005104;Ttf1;0.006377;F13a1;0.000124;Synpo2;0.001755
Kndc1;0;Snx31;0.003406;Rsrc1;0.004892;Itga3;0.002733;Hkdc1;0.00061;Uvssa;0.005129;Zfp395;0.006426;Ifi204;0.000126;Tnnt2;0.001755
1110017D15Rik;0;Proser2;0.003406;Rtp4;0.004913;Atxn1;0.00279;Galnt13;0.00061;Mto1;0.005147;Dis3l2;0.006526;C1qc;0.000126;Pigs;0.001795
1700001C02Rik;0;Ninl;0.003406;Ccdc28b;0.005063;Elmo3;0.002853;Gm15663;0.00061;Ifngr1;0.005272;Palld;0.007026;Cytip;0.000142;Tmed8;0.00188
1700001L19Rik;0;Mettl18;0.003406;Gata2;0.005096;2010111I01Rik;0.002932;Gm8909;0.00061;Exoc1;0.005419;Lmbr1;0.007177;Arhgap15;0.000144;Rnf170;0.001936
1700003E16Rik;0;Lpar3;0.003406;Ric8b;0.005244;Aldh6a1;0.002952;Wdr31;0.00061;Tmem8b;0.005538;Ppap2b;0.007308;Ccr5;0.000145;Rpa1;0.002151
1700003M02Rik;0;Bcl2l14;0.003406;St6galnac3;0.005501;Atoh8;0.003162;Xrcc6bp1;0.00061;Mtus1;0.00573;Mmp8;0.007362;Ttc7;0.000145;Igf2;0.002201
1700007G11Rik;0;Alg8;0.003406;Slfn5;0.005627;Myo5b;0.00329;Atad3aos;0.00061;Shc1;0.005753;Slc25a42;0.007362;Pou2f2;0.000145;Prss23;0.002428
1700007K13Rik;0;9930104L06Rik;0.003406;Mlkl;0.005771;Usp11;0.00348;C2cd2l;0.00061;Ccbe1;0.005756;F830016B08Rik;0.007362;Pik3cd;0.000145;Cttnbp2;0.002428
1700009P17Rik;0;2610018G03Rik;0.003406;Tbcd;0.006333;BC005537;0.003493;Timm9;0.000618;Recql;0.005762;E130102H24Rik;0.007362;Tnfaip3;0.000148;Gmpr;0.002438
1700016K19Rik;0;Nr1d1;0.003494;Pde9a;0.006407;Icam1;0.003737;Fam57a;0.000618;Ddx24;0.005846;Cep85;0.007362;Aim2;0.00015;Dclk1;0.002704
1700026D08Rik;0;Ap5m1;0.003494;Arhgef15;0.006781;Slc12a5;0.00382;Tbc1d4;0.000651;Slc17a5;0.006065;Pdzrn3;0.007697;Cyp4f16;0.000158;Bmp6;0.002704
1700028P14Rik;0;Vnn1;0.003527;2810025M15Rik;0.006833;Slc1a1;0.00382;Rbpjl;0.000657;Katnbl1;0.006128;Gnl3l;0.007789;Arhgdib;0.000163;Pus3;0.002704
1700037C18Rik;0;Gmnn;0.003864;Mcf2l;0.006885;Arrdc1;0.003843;Galk2;0.000658;Slc35a2;0.006167;Nrcam;0.007882;4930506M07Rik;0.000167;Gstm7;0.002704
1700086L19Rik;0;Rfx1;0.003864;Add3;0.006891;Kbtbd2;0.003865;Ap1g1;0.000678;Upk1b;0.006167;Ap1m1;0.007961;Ccl9;0.000167;Soga1;0.002748
2010015L04Rik;0;Atr;0.003937;Flnb;0.006999;Dlk2;0.004409;Kcnj15;0.000683;Ezh2;0.006197;Pter;0.008189;Cd300a;0.000167;Sgpl1;0.00307
2410004P03Rik;0;Fam69a;0.003946;Mapk11;0.007229;Ildr1;0.004409;Foxp4;0.00069;Vav3;0.006526;Reps1;0.008339;Samsn1;0.00018;Anapc5;0.003091
2610028H24Rik;0;Trip6;0.00428;4930578C19Rik;0.007229;Gatad2a;0.00441;Pde7b;0.000707;Svep1;0.006561;Btbd2;0.008348;Slfn9;0.00018;Cnn1;0.003334
4833427G06Rik;0;Mmgt1;0.00428;Polr1e;0.007229;Rabgap1l;0.004411;Xrcc5;0.000737;Nlgn2;0.006561;Pkd1;0.008565;Trim30b;0.000182;Tspyl2;0.003334
4930444F02Rik;0;Gsta4;0.004385;Dhx35;0.007229;Dag1;0.004807;Irx2;0.000738;Ppil4;0.006989;Nap1l1;0.008655;Ncf1;0.000183;Mrvi1;0.003334
4930451C15Rik;0;Bex1;0.00452;Dock9;0.007252;Dxo;0.005077;Irf2bp2;0.000782;Lrp4;0.00714;Arhgap20;0.008837;Ptpn6;0.000189;Rrad;0.003334
4930529M08Rik;0;Tbc1d8;0.004531;Wasf2;0.007394;Slc36a4;0.005077;Tfcp2l1;0.000785;Apobr;0.007362;Rab2b;0.009136;Ms4a6d;0.000194;Etv1;0.003336
6430531B16Rik;0;Aldh1a7;0.004665;Tmcc2;0.00752;Pkp2;0.005077;Sox12;0.000786;Sumf1;0.007366;Hyi;0.009423;Ikzf1;0.000194;Prr14l;0.003377
6820408C15Rik;0;Asb13;0.004722;0610010K14Rik;0.007548;Add2;0.005077;Uhrf1bp1l;0.000806;Krt80;0.007465;Car14;0.009613;Fcgr2b;0.000194;Cul2;0.003759
A730020E08Rik;0;Id1;0.004802;Depdc1a;0.007913;Eya2;0.005077;Tmem245;0.00082;Cdan1;0.007889;Gstm5;0.010281;AI413582;0.000194;Il1rap;0.003806
AK129341;0;Cecr6;0.004859;Zfp772;0.008218;Pitpnm3;0.005184;Lamc2;0.000845;Cited2;0.007947;Ing1;0.010287;Cxcl2;0.000209;Socs2;0.003819
Acox2;0;Epb4.1l4a;0.004859;Zfp954;0.008218;Fam60a;0.005337;Herpud1;0.000845;Adamts17;0.007961;Acadsb;0.010287;Itgal;0.000211;Angpt2;0.004158
Agbl2;0;Gm933;0.004859;Lgals9;0.00829;5430416O09Rik;0.005359;Chia1;0.000873;Fhod1;0.007962;Spon1;0.010356;Slc12a7;0.000214;Bcl11a;0.00428
Agr3;0;Hdac8;0.004859;Cdc42ep1;0.00839;Kazn;0.005359;Secisbp2l;0.000886;Kti12;0.008189;Pold4;0.0109;Mrc1;0.000214;Gm13889;0.004326
Fam47e;0.000001;Vasn;0.004929;Tnfsf10;0.008616;Zfp579;0.005359;Tc2n;0.001013;Eral1;0.008596;Rrp36;0.011249;H2-K1;0.000221;Cdca7;0.004402
Fam83e;0.000001;Slc30a5;0.005221;Sipa1l1;0.008688;Zfp462;0.005359;Insig1;0.001016;Fam124b;0.008757;Cd37;0.011249;Prex1;0.000224;Setd7;0.004416
Fank1;0.000001;Dync2li1;0.005221;Habp4;0.008777;Hdgf;0.00537;Flcn;0.001044;Runx2;0.008757;Bckdhb;0.011249;Rap2b;0.000228;2410002F23Rik;0.004685
LOC102633315;0.000001;Actr8;0.00537;Cox19;0.008858;Hs2st1;0.005459;Erlin2;0.001044;Vps13d;0.009145;Ppara;0.011249;Rhoh;0.000233;1500009L16Rik;0.004784
Ldlrad1;0.000001;Tmx4;0.00537;Sox11;0.008994;Got2;0.0055;Rab4a;0.001077;Eml1;0.009362;Dusp12;0.011249;Tlr1;0.000233;Lpp;0.004876
Lrdd;0.000001;Snx21;0.005473;Adcy4;0.009193;Arhgap22;0.005732;Isca1;0.001105;Psmb4;0.009847;Lipa;0.011383;Slfn1;0.000233;Egfem1;0.004931
Lrrc43;0.000001;Akr7a5;0.005631;Grwd1;0.009324;Ehd2;0.005755;Fgfr2;0.001118;Aamp;0.010525;Kidins220;0.012153;Elovl6;0.000233;Psd3;0.005021
Mapk8ip1;0.000001;Wfdc1;0.005631;Mcam;0.009688;Fntb;0.005775;Grpel2;0.00112;Gatad2b;0.010617;Emp3;0.012893;Cyp27a1;0.000233;Zfp523;0.005147
Mar.10;0.000001;Myh7;0.005665;Pdgfd;0.009722;Myof;0.005791;Fam71a;0.001155;Asun;0.010868;Trip10;0.01295;Gm12250;0.000233;Scara5;0.005147
Mgl2;0.000001;Scgb3a2;0.005973;Npdc1;0.009722;Radil;0.005833;Anpep;0.001155;Plekha6;0.011249;Satb1;0.013122;Gbp5;0.000233;Pask;0.005147
Mmp3;0.000001;Stat2;0.006075;Camk4;0.009765;Gm561;0.005999;Nucb2;0.001295;Col13a1;0.011249;Mrpl15;0.013358;Fgf13;0.000233;Iigp1;0.005203
Mtl5;0.000001;Mrps10;0.006091;Gm2897;0.010411;Myo1c;0.006085;Galnt2;0.001317;Gm14436;0.011549;Man1c1;0.013448;Fcrl1;0.000233;Ldlrad4;0.005419
Mylk3;0.000001;Smim3;0.006425;Hbb-y;0.010963;Nckap5;0.006152;Tmem97;0.001404;Mxd1;0.012365;Zfp667;0.013448;Exo1;0.000233;Tbc1d12;0.005598
Nhlrc4;0.000001;Ide;0.006425;Tmem2;0.011657;Nsun4;0.006648;Bag3;0.001558;Abca7;0.013122;Sytl4;0.013496;Bcs1l;0.000233;Sh3bgr;0.006167
Nme9;0.000001;H6pd;0.006513;Zfp422;0.011808;Zfp30;0.006689;Cdk5rap3;0.001558;Zbtb6;0.013122;Usp35;0.013496;Apoc2;0.000233;Mllt11;0.006167
Nnmt;0.000001;Fuca2;0.006513;Rras;0.01182;Snx11;0.006689;Bri3;0.001558;AI504432;0.013122;Zfp2;0.013496;Ccl12;0.000233;Cspg4;0.006167
Npb;0.000001;Prep;0.006663;Prn;0.011932;Lgals4;0.006689;Tmem141;0.001649;Phlda3;0.013448;Zfp286;0.013496;Cd180;0.000233;Rbbp4;0.006434
Nrg1;0.000001;Ldhb;0.006663;Klf14;0.011932;Tbx6;0.006689;Slc16a1;0.001676;Cmbl;0.013496;1700105P06Rik;0.013496;Cd69;0.000233;Ctr9;0.006718
P2rx6;0.000001;Aaed1;0.006733;Ptpn4;0.011943;Dlg1;0.006735;Grb14;0.001718;Dnajb5;0.013496;A4galt;0.013496;Grap2;0.000233;Pard3;0.006989
Sptssb;0.000001;Tfrc;0.007037;Cav2;0.012408;Plekhb2;0.006886;Sgpp2;0.001736;E030003E18Rik;0.013496;A930015D03Rik;0.013496;I830077J02Rik;0.000233;Setd1b;0.007054
Ssmem1;0.000001;Dcxr;0.007067;Ktn1;0.012408;Pof1b;0.007029;Fam35a;0.001736;Clcnka;0.013496;Adamdec1;0.013496;Lrrc4c;0.000233;Ism1;0.007362
Stmnd1;0.000001;Gstt2;0.007732;Sec22b;0.012583;Atxn1l;0.007029;Ero1lb;0.001854;Bcas3os1;0.013496;Asprv1;0.013496;Mroh2a;0.000233;Igfbp3;0.007362
Syt5;0.000001;Cbr2;0.007787;Zc4h2;0.012985;Crlf3;0.007105;Baiap2;0.001868;A830082K12Rik;0.013496;BC037032;0.013496;Mthfd1l;0.000233;Aph1b;0.007362
Tcte3;0.000001;Cyp2f2;0.007787;Arhgef2;0.01302;Mvb12b;0.007138;Pgm2;0.001873;A2m;0.013496;Card9;0.013496;Naip6;0.000233;Syde1;0.007366
Tctex1d4;0.000001;0610007P14Rik;0.007787;Pcbp3;0.013049;Cux1;0.00715;Exosc7;0.001949;5031434O11Rik;0.013496;Catsperg1;0.013496;Fgd4;0.00024;Hsd17b4;0.00739
Tmem102;0.000001;Smpd1;0.007925;Gimap8;0.013085;Ralbp1;0.007647;Lbp;0.00197;Uhmk1;0.013496;Chst8;0.013496;Sla;0.000243;Hhip;0.007807
Tmem132d;0.000001;Donson;0.007925;Phf20l1;0.013235;Rap1gap;0.007678;Vti1a;0.001979;Tnfaip8l3;0.013496;Ciart;0.013496;Gm1966;0.000253;Zak;0.007889
Tmem212;0.000001;Slc25a25;0.007927;Efnb2;0.013268;Gtpbp1;0.007703;Gif;0.002041;Spin2c;0.013496;Ctse;0.013496;Ms4a8a;0.000255;Rgs2;0.007892
Tmem215;0.000001;Repin1;0.008193;Smad5;0.01335;Rangap1;0.007773;Tex15;0.002109;Slc16a13;0.013496;D730005E14Rik;0.013496;Abhd12;0.000259;Txndc16;0.008105
Tmem54;0.000001;Klhdc10;0.008199;Asap1;0.013499;Zdhhc16;0.007921;Cpox;0.002249;Rom1;0.013496;E430018J23Rik;0.013496;Dock8;0.000287;Nedd1;0.008105
Tomm6os;0.000001;Tnfaip8;0.008199;Dhrs4;0.013846;Hba-a2;0.008122;Tnfsf9;0.002256;Nudt6;0.013496;Ephb2;0.013496;Abcc4;0.000292;Tsen2;0.008189
Tsnaxip1;0.000001;Ces1d;0.008218;Gdap10;0.013994;Nrbp2;0.008169;Zbtb18;0.002278;Plcxd2;0.013496;Gm6815;0.013496;Pirb;0.000299;Ncam1;0.008189
Tssk4;0.000001;Fam193b;0.008373;4931406P16Rik;0.014082;Polg;0.008296;Smcr8;0.002293;Nell1;0.013496;Grik5;0.013496;Hexb;0.000321;Nek4;0.008189
Ttc16;0.000001;Alg14;0.008463;Rbm48;0.014429;Nlk;0.008436;Prps2;0.002427;Ms4a7;0.013496;Gxylt2;0.013496;Fpr1;0.000328;Myom1;0.008189
Ubxn11;0.000001;Hp;0.008566;Ssfa2;0.014725;Snx13;0.008752;Coq3;0.002496;Mettl22;0.013496;Has2;0.013496;Nfam1;0.000341;1700029J07Rik;0.008189
Wbscr16;0.000001;Gstk1;0.008749;Zswim6;0.015193;Foxp2;0.008838;C1galt1c1;0.002858;Kcnn3;0.013496;Hist1h1a;0.013496;Tfec;0.000343;Ngrn;0.008189
Wdr38;0.000001;Mccc2;0.008854;Rpa3;0.015193;N4bp2;0.008985;Madd;0.002916;Zfp114;0.013496;Hoxa7;0.013496;C3ar1;0.000343;Flna;0.008285
Wdr63;0.000001;Wfdc2;0.008944;Ackr2;0.01561;Wdr74;0.009056;Ppp1r9a;0.003031;Zfp3;0.013496;Igfbp2;0.013496;Cxcr4;0.000344;Rock1;0.008285
Wfdc5;0.000001;Por;0.009036;Meis2;0.015804;Rnf38;0.009087;Nup93;0.003045;Zglp1;0.013496;Il1f9;0.013496;Gusb;0.000366;Med23;0.008339
Xkr4;0.000001;Rad23b;0.009263;Ltbp1;0.015818;Pcdhb17;0.009146;Zc3h8;0.003066;Fam163b;0.013496;Lzts3;0.013496;Lgals3;0.000383;Adck5;0.008757
Xrra1;0.000001;Phf6;0.009288;Ifnar1;0.015911;5330426P16Rik;0.009206;Yipf6;0.003158;Fam84a;0.013496;Nat14;0.013496;Abcd2;0.000386;Nexn;0.008788
Zfp474;0.000001;Scgb1a1;0.009332;Lats2;0.016442;Ccm2;0.009206;Ahcyl2;0.003207;Fcnb;0.013496;Nupl2;0.013496;Gda;0.00039;Map1b;0.009063
Zscan18;0.000001;Cacfd1;0.009355;Pura;0.017086;Rapgef4;0.009322;Fads1;0.003223;Fsd2;0.013496;Olfr457;0.013496;Clec12a;0.000391;Ncapg2;0.009136
4933405L10Rik;0.000001;Gpatch2;0.009355;Fmo1;0.017122;Rai1;0.009322;Cml1;0.003271;Gm17384;0.013496;Retnlg;0.013496;Imp4;0.000397;Sgcb;0.009242
4933407L21Rik;0.000001;Tcf20;0.009423;Trim24;0.017192;Mal;0.009414;Rerg;0.003405;Gm5084;0.013496;Rnmtl1;0.013496;Trex1;0.000411;Akr1b10;0.009423
4933417O13Rik;0.000001;Adi1;0.009513;Ptprg;0.017302;2310035C23Rik;0.009531;Pinx1;0.003405;Gpld1;0.013496;Ror1;0.013496;Nabp1;0.000432;Myh11;0.009585
5430402O13Rik;0.000001;F3;0.009621;Nostrin;0.01735;Dcun1d1;0.010217;Gstt1;0.003538;Insl3;0.013496;Serpina3g;0.013496;Edem1;0.000447;Nme4;0.009613
9330159M07Rik;0.000001;Cldn10;0.009965;Stk35;0.017426;Arhgef26;0.010425;Lin52;0.00375;Arl8b;0.013773;Slc2a12;0.013496;Lrmp;0.000471;Nr1d2;0.009613
A430078G23Rik;0.000001;Rfk;0.010093;Ppp3cc;0.017626;Fbxo46;0.010515;Crat;0.00383;Ept1;0.013844;Src;0.013496;Rinl;0.000471;Lgals1;0.009757
AI317395;0.000001;Fam13a;0.010255;Cdca4;0.017668;Trim11;0.010632;Txlng;0.003844;Qrich1;0.013915;Stfa3;0.013496;Plbd1;0.000471;Rbmxl1;0.009757
Abcb11;0.000001;Ifnlr1;0.010309;Prcp;0.017769;Cbl;0.010829;Eif3b;0.004536;Mir682;0.013935;Nt5c2;0.014571;Lair1;0.000512;Med12;0.009852
Abcg4;0.000001;Iyd;0.010309;Phlpp1;0.017771;Trp53bp2;0.010888;Ccdc141;0.004621;Comt;0.014353;Csf3r;0.015083;Traf5;0.00055;Myl9;0.009862
Abhd6;0.000001;Kctd14;0.010309;Micall2;0.018239;Amhr2;0.011257;Memo1;0.00467;Pacs1;0.014571;Gid4;0.015183;Mnda;0.00055;Ptk7;0.010482
Agr2;0.000001;Klhl29;0.010309;Slfn3;0.018239;Abca5;0.011362;Mapkbp1;0.004768;Snapc3;0.014571;Ssh2;0.01525;Phf11b;0.00055;Cald1;0.01051
Agtr1a;0.000001;Pde4a;0.010309;Zfp423;0.018239;Agap3;0.011431;Srebf2;0.004834;Herc4;0.014625;Plk3;0.015259;Efhd2;0.000562;Sema3c;0.011047
Ak8;0.000001;Zfp708;0.010309;Tex14;0.018239;Klf8;0.011614;Sptlc2;0.004911;Acap2;0.014685;Ube2l6;0.015417;Relt;0.000566;Rnf169;0.011182
Angpt4;0.000001;Zfp958;0.010309;Chst11;0.018239;Calml4;0.011614;Zc3h7b;0.004957;Kif1c;0.014857;Nsg1;0.015503;Apbb1ip;0.00058;Zfp219;0.011249
Arhgdig;0.000001;Nrarp;0.010309;Rcl1;0.018239;Icam4;0.011614;Gcat;0.004961;Robo2;0.014923;Fmo5;0.015503;4632428N05Rik;0.00058;Bmp2;0.011249
Arntl2;0.000001;Mlph;0.010309;Foxd2os;0.018239;Slc39a11;0.011614;Dpep2;0.005195;Hnrnpul1;0.015156;Sidt2;0.015506;Ncbp1;0.000596;Abi2;0.01131
Atp8b3;0.000001;Rbp4;0.010309;Icos;0.018239;Hist1h3e;0.011614;Dennd4c;0.005205;Rcan1;0.015211;Sh3pxd2a;0.016727;Grn;0.000623;H19;0.011338
B3galt1;0.000001;Rps6ka6;0.010309;Prr18;0.018239;Gm10677;0.011614;Epha7;0.005284;Gm15713;0.015211;Fkbp8;0.017408;Plcg2;0.000627;Msrb3;0.011717
B3gnt4;0.000001;Sac3d1;0.010309;Zfp369;0.018239;Gbp2;0.011614;Tmem135;0.005308;Ophn1;0.015211;Mst1r;0.017589;Camk1d;0.000627;Map3k12;0.011916
Bcan;0.000001;Sgsm2;0.010309;A330023F24Rik;0.018239;Usp43;0.011614;Klk13;0.005677;Degs2;0.015259;Gar1;0.017687;Cyp4f18;0.000627;Chmp4b;0.011965
C1qtnf3;0.000001;Ccdc134;0.010309;Rsu1;0.019052;Hoga1;0.011614;Hpn;0.005677;Vrk2;0.015259;Hspa1b;0.017822;Slfn8;0.000636;Golim4;0.012037
C730036E19Rik;0.000001;Cxxc5;0.010309;Kif26a;0.019436;Wnt7a;0.011614;Inpp4b;0.005859;Slc8b1;0.015259;Lama4;0.017852;Pyhin1;0.000636;AW549542;0.012294
C87198;0.000001;Fndc7;0.010309;Hist1h2be;0.019581;Papss2;0.011614;Taz;0.005888;Adcy2;0.015503;Lama2;0.018004;Acp5;0.000655;Slmap;0.012428
Ccdc103;0.000001;Arv1;0.010309;Ero1l;0.019646;Sh3rf3;0.011614;Elf3;0.005888;1110054M08Rik;0.015503;Lamb1;0.018033;Igsf6;0.000669;Acta2;0.012639
Ccdc147;0.000001;Tmprss13;0.010309;Mfng;0.019717;Hif3a;0.012211;Ercc4;0.005888;Rasl11b;0.015503;Rtca;0.018201;Abcg1;0.00067;Decr1;0.012639
Ccdc148;0.000001;Trim62;0.010309;Tek;0.020724;Ago4;0.012648;Ppp1r8;0.006202;Ntrk2;0.015503;Pmp22;0.018212;Cluh;0.000738;Klhdc8b;0.012669
Ccdc150;0.000001;Lrrc46;0.010309;Ccnf;0.021044;Dennd1b;0.012794;Cyp39a1;0.006389;Gm4956;0.015503;Sema6d;0.01852;Slc15a4;0.000747;Pnn;0.012674
Ccdc153;0.000001;Per3;0.010479;Bdh2;0.021044;Brf1;0.012998;Fkrp;0.006482;Epha3;0.015503;Nox4;0.018612;Hps3;0.000754;Agt;0.013077
Ccdc154;0.000001;Atp11a;0.010634;Neil3;0.021044;Dennd4b;0.013072;Rnf180;0.006482;Dleu2;0.015503;Tkt;0.018703;Pex16;0.000757;Zfp367;0.013077
Ccno;0.000001;Spcs2;0.010659;Slc26a1;0.021044;Tmem91;0.013611;Panx1;0.006482;Nfkbiz;0.016427;Dhx38;0.018874;Nlrc4;0.000767;Dcun1d2;0.013122
Clec2l;0.000001;Ppp1r3c;0.010675;Dis3l;0.021044;Ptgds;0.013611;1700010I14Rik;0.006482;Mark3;0.016427;Kif21a;0.019093;Gm5523;0.000783;Ctxn1;0.013122
Colec11;0.000001;Tst;0.010779;Taf1b;0.021102;Pdpr;0.013611;Sytl2;0.006663;Ube2o;0.016887;Filip1;0.019266;Ptpre;0.000806;Dmd;0.013174
Cpz;0.000001;Pigh;0.010804;Smad1;0.021261;Omd;0.013611;Rgl3;0.006663;Mfsd5;0.01743;Hist2h2aa2;0.019585;Adrb2;0.00082;Dchs1;0.013448
Crip3;0.000001;Mina;0.010804;Laptm4b;0.021261;Slc25a47;0.013611;Tnfrsf13c;0.006663;Zfp174;0.017589;Hist2h2aa1;0.019585;Nfil3;0.000837;Gm16938;0.013448
Cryaa;0.000001;Map3k7;0.011015;Srpr;0.021415;Eri2;0.013611;Vmn2r29;0.006663;2810468N07Rik;0.017589;Tecpr1;0.019585;C1qb;0.000843;Rbm15b;0.013448
Ctf1;0.000001;Cisd1;0.011029;Fcho2;0.021422;Ppp2r5b;0.013611;Vmn2r46;0.006663;Dhx58;0.017687;9030025P20Rik;0.019928;Bub1b;0.000868;Top3a;0.013448
Cxcl13;0.000001;Fdx1;0.011205;Pitpnm2;0.021584;Clcf1;0.013611;5031425E22Rik;0.006663;Ttc21b;0.018434;Unkl;0.019928;Dock11;0.000912;Fzd9;0.013496
Cyp2b10;0.000001;Fxyd3;0.011345;Klf12;0.021717;Chaf1b;0.013611;5033403H07Rik;0.006663;Fndc5;0.019093;Polr2i;0.020121;Syce2;0.000921;Galnt16;0.013496
D630024D03Rik;0.000001;Dcaf6;0.011658;Zfp760;0.022926;Amigo1;0.013611;9930014A18Rik;0.006663;Ubqln4;0.019273;Adamts10;0.020272;Tbc1d9;0.000921;Gm10509;0.013496
Dbndd1;0.000001;Zfp46;0.01171;Thoc1;0.023938;Akap17b;0.013611;Arhgef16;0.006663;Psmc6;0.01936;Nme6;0.020424;Exosc6;0.000921;Gm4925;0.013496
Ddo;0.000001;Fam162a;0.011727;Gm3696;0.024047;Ppp2r5a;0.013852;Atp6v1g2;0.006663;Zyx;0.019682;Ccdc93;0.020424;Cd101;0.000921;Zfp408;0.013496
Dlec1;0.000001;Mrps5;0.011779;Sult1a1;0.024185;Psat1;0.01406;B430319G15Rik;0.006663;Ctsa;0.019682;Pcdhga4;0.020424;Clec4a1;0.000921;1810041L15Rik;0.013496
Dmkn;0.000001;Mtx2;0.011779;S1pr4;0.024235;Fbxl6;0.014074;Camk2b;0.006663;Exoc6b;0.019722;Bag4;0.02043;Kcna3;0.000921;5730405O15Rik;0.013496
Dnase1;0.000001;BC068281;0.011779;F11r;0.024914;Ankrd39;0.014186;Cfi;0.006663;Btbd10;0.020421;Tmem205;0.020532;Sh3kbp1;0.000943;9330158H04Rik;0.013496
Duxbl2;0.000001;Fkbp15;0.011978;Cttnbp2nl;0.025434;Stx6;0.015632;Poln;0.006663;Ostm1;0.020691;Micall1;0.020532;Med11;0.001003;Adamts4;0.013496
Duxbl3;0.000001;Trf;0.012136;Upk3b;0.025588;Ccdc64b;0.015882;Dnal4;0.006694;Gm10409;0.021056;Dync1h1;0.021581;Lst1;0.001006;Aplp1;0.013496
Dyrk3;0.000001;Zmpste24;0.01253;Vwa7;0.025588;Kctd13;0.015882;Gpaa1;0.006858;Ddx42;0.022115;Drg1;0.022115;Clec4a2;0.001045;Astn2;0.013496
E030019B06Rik;0.000001;Sec22a;0.012606;Wasf3;0.025588;9130008F23Rik;0.015882;Iah1;0.006924;Adhfe1;0.022298;Kctd17;0.022298;Prkcd;0.001049;C1qtnf2;0.013496
E030044B06Rik;0.000001;Impa1;0.013013;Wt1;0.025588;Lysmd1;0.015882;Mast4;0.007205;Mamld1;0.022651;Hspa1a;0.022651;Gngt2;0.00107;Capn10;0.013496
E130114P18Rik;0.000001;9530091C08Rik;0.013218;Xkr5;0.025588;Gipc2;0.016747;Farp1;0.007347;Snhg7;0.022651;Fbn1;0.023272;Clec4b1;0.001103;Ccdc3;0.013496
Efcab11;0.000001;Specc1l;0.013265;Zbtb7c;0.025588;Mtmr3;0.016773;Pradc1;0.007387;Ccng2;0.022745;Isg20l2;0.023458;Cd83;0.001103;Cpxm2;0.013496
Efcab6;0.000001;Raet1e;0.013563;Zfp13;0.025588;Spock2;0.017395;Tspyl4;0.007387;Ttpal;0.022855;B130024G19Rik;0.023922;Abracl;0.001132;Crym;0.013496
Efhc1;0.000001;Rab38;0.013563;9330175E14Rik;0.025588;Slc39a8;0.017632;Scamp1;0.007801;Araf;0.022972;Rsc1a1;0.024434;Psap;0.001138;Csdc2;0.013496
Efhc2;0.000001;Cth;0.013563;9930111J21Rik2;0.025588;Samhd1;0.017698;Rasd1;0.007962;Cln8;0.023355;Bet1;0.025418;Emb;0.001142;Cxcl10;0.013496
Eno4;0.000001;Ddi2;0.013563;Ppapdc3;0.025588;Kctd3;0.018441;Npw;0.007962;Lrrc39;0.023355;Zcchc14;0.025555;Plcl2;0.001156;Cyp7b1;0.013496
Erich3;0.000001;Dqx1;0.013563;Ptch2;0.025588;Rnf17;0.018657;Pdgfc;0.007962;Clasp2;0.02358;B3gnt9;0.02568;Ubap1;0.001156;Sacs;0.013496
Esm1;0.000001;Bfsp1;0.013563;Rab3b;0.025588;Rnf39;0.018657;Eya1;0.007962;Arel1;0.023922;Mrpl45;0.025717;Sirpb1a;0.001166;Slc45a4;0.013496
Fam185a;0.000001;B630019K06Rik;0.013563;Ren1;0.025588;S100a3;0.018657;Slc16a7;0.007962;Zcchc24;0.024329;Rpf1;0.026619;Ethe1;0.001171;Sned1;0.013496
Fam216b;0.000001;Vstm4;0.013563;Ren2;0.025588;Samd14;0.018657;Rbm33;0.008045;Ahctf1;0.024472;Cygb;0.026625;Abcf1;0.001181;Thrb;0.013496
Fam217a;0.000001;Sfxn1;0.01361;Rfx8;0.025588;Scin;0.018657;Slc23a2;0.008045;Slc27a6;0.024472;2310011J03Rik;0.026966;Fyb;0.001195;Timp4;0.013496
Plac1;0.000001;Eif2b4;0.013618;Rnase1;0.025588;Sct;0.018657;Zfp691;0.008241;Msl1;0.02504;Pmf1;0.026966;Nr2f6;0.00122;Tldc1;0.013496
Pnma1;0.000001;Mtrf1l;0.013618;Samd12;0.025588;Sgcd;0.018657;Rprm;0.008401;Rreb1;0.025418;Rfxank;0.027467;Akna;0.001312;Hdx;0.013496
Ppp1r32;0.000001;1500012F01Rik;0.013638;Scara3;0.025588;Slc35f2;0.018657;St7l;0.008848;Rnf135;0.02568;Ildr2;0.027467;Pkia;0.001318;Htr2b;0.013496
Prr16;0.000001;Tef;0.014038;Snora74a;0.025588;Smok4a;0.018657;Tnfaip1;0.008905;Ptch1;0.02568;Kdelc2;0.028284;Adcy7;0.001327;Kcp;0.013496
Ptprt;0.000001;Ccdc174;0.014391;Sstr1;0.025588;Snora64;0.018657;Pvrl2;0.008974;Slc4a1ap;0.02568;Prkcdbp;0.028849;Tspan32;0.001328;Ndst3;0.013496
Qsox2;0.000001;Ier2;0.014513;Syngr4;0.025588;Fam187b;0.018657;Alad;0.009357;Nagk;0.025822;Pcolce2;0.029041;Ran;0.001334;Ntrk3;0.013496
Rabl3;0.000001;Mical2;0.014828;Tnfrsf22;0.025588;Glrp1;0.018657;Taf6;0.009614;Mertk;0.025991;Ecm1;0.02917;Pim1;0.001347;Opn3;0.013496
Reep2;0.000001;Ubr5;0.014904;Has1;0.025588;Gm13483;0.018657;Chsy1;0.009862;Furin;0.026226;Casc4;0.029351;Casp9;0.001477;Pdp1;0.013496
Rnf128;0.000001;Kdm5c;0.014904;Hbq1b;0.025588;Gm14327;0.018657;Sephs2;0.009978;Kdelc1;0.026289;Gm14420;0.029425;Lcp1;0.00152;Dancr;0.013496
Rnf32;0.000001;Hadh;0.014904;Hist1h4h;0.025588;Gm16793;0.018657;Cat;0.010208;Aldh9a1;0.026297;Fam73a;0.029713;Tep1;0.001544;Dapk3;0.013496
Rp1;0.000001;Pxmp4;0.015283;Hoxa4;0.025588;Gm9079;0.018657;Dhx29;0.010227;Rcor1;0.026297;Ercc6;0.030268;Fgr;0.001634;Dapl1;0.013496
Rsph4a;0.000001;Map7;0.015345;Igdcc3;0.025588;Gsto2;0.018657;Shmt1;0.01065;Tnfsf12;0.026619;Slc2a3;0.030268;Shisa5;0.00166;Dscc1;0.013496
Rxfp4;0.000001;Tmem243;0.015636;Il12rb2;0.025588;Hdhd3;0.018657;Pld6;0.01065;Cops4;0.026797;Dicer1;0.030571;Notch2;0.00166;Dtl;0.013496
S100a2;0.000001;Luc7l;0.016327;Iqgap3;0.025588;Hist1h4a;0.018657;Kcne2;0.01065;Flii;0.027095;Phf8;0.030693;Gch1;0.001741;Efnb3;0.013496
Sbp;0.000001;Cdk13;0.016465;Kcnmb4;0.025588;Hyal3;0.018657;Nubp1;0.010699;Hivep3;0.027467;Tbc1d20;0.030866;Gm4070;0.001751;Elovl4;0.013496
Slc30a2;0.000001;Tmem57;0.016575;Lad1;0.025588;Klk11;0.018657;Armc6;0.010803;Gm14431;0.027759;Phf11d;0.03115;Gvin1;0.001751;Elp6;0.013496
Slc7a3;0.000001;Pigyl;0.016575;Lingo1;0.025588;Klk9;0.018657;Mpdu1;0.011263;Gm8898;0.027759;Vcam1;0.031597;Gpi1;0.001806;Foxs1;0.013496
Sntn;0.000001;Samd4;0.016757;Lrrc3b;0.025588;Krt17;0.018657;0610011F06Rik;0.011523;Lphn3;0.028382;Ppp1r12c;0.031921;Itgb5;0.001809;Pcid2;0.013819
Spag16;0.000001;Cgnl1;0.017291;Mkrn3;0.025588;LOC100503280;0.018657;Pex7;0.011641;Dpagt1;0.028382;Bscl2;0.031921;Idh1;0.00182;Mylk;0.013893
Spata17;0.000001;Wbp2;0.017502;Mocs3;0.025588;Lypd6b;0.018657;Glt28d2;0.012312;Cep57l1;0.029041;Trim56;0.03276;Gm5150;0.001858;Pde5a;0.014193
Spef1;0.000001;Zfp827;0.01756;Mxd3;0.025588;Magix;0.018657;Entpd5;0.012388;Rtn1;0.02917;Nkiras1;0.03276;Glipr2;0.001883;Scamp3;0.014571
Spire2;0.000001;Nprl3;0.018932;Myf6;0.025588;Mir1291;0.018657;Vmp1;0.012537;Mfsd1;0.030135;Herpud2;0.033576;Sf3b6;0.001919;Nsmce1;0.014604
Foxn4;0.000001;Ivd;0.01959;Necab1;0.025588;Mir181b-2;0.018657;Ppwd1;0.012568;Zfp58;0.030268;Bckdk;0.034138;Il10ra;0.001989;D5Ertd579e;0.014604
Frs3os;0.000001;Pgrmc1;0.019675;Pcsk9;0.025588;Mir450-1;0.018657;Pno1;0.012568;Trub2;0.030866;Adamts9;0.034591;Cnr2;0.002034;Tbx4;0.014656
Gas2l2;0.000001;Wipf3;0.020456;1700060C20Rik;0.025588;Neto1;0.018657;Phlda2;0.012652;Zfp560;0.031612;Adap2;0.034606;Epsti1;0.002034;Zfp260;0.014924
Gldc;0.000001;Zfp799;0.020456;2010107G12Rik;0.025588;Nov;0.018657;Plekhd1os;0.012652;Lrrc57;0.031625;Pold2;0.034606;Tfeb;0.002034;Zfp532;0.015083
Gm101;0.000001;Kdelr3;0.020456;2010109I03Rik;0.025588;Pcdha4-g;0.018657;Pnmt;0.012652;Klf7;0.032055;Pim3;0.034606;F7;0.002034;Impact;0.015232
Gm10560;0.000001;Hs3st1;0.020456;2700038G22Rik;0.025588;Pcdhb16;0.018657;Ppp1r14d;0.012652;Synrg;0.03209;Pdgfb;0.034903;Rab3il1;0.002034;Rft1;0.015259
Gm3336;0.000001;Hdac10;0.020456;2900009J06Rik;0.025588;D830046C22Rik;0.018657;Pthlh;0.012652;Gpr182;0.032689;Unc5b;0.034928;Olr1;0.002034;Snora81;0.015259
Grik1;0.000001;Ehf;0.020456;4931403E22Rik;0.025588;Doc2a;0.018657;Rac3;0.012652;Il17rd;0.03276;Fat4;0.035039;Ccr2;0.002053;Tpcn1;0.015503
Gtf2a1l;0.000001;Clec3b;0.020456;4933406C10Rik;0.025588;Spink4;0.018657;Rad9b;0.012652;Aifm2;0.03276;Tbc1d10b;0.035897;Ifi27l2a;0.002109;Selm;0.016166
Gtsf1l;0.000001;Cldn8;0.020456;5830454E08Rik;0.025588;Tesk2;0.018657;Rnf25;0.012652;Sspn;0.033976;Tceal1;0.035897;Mndal;0.002114;Zfp715;0.016198
Hepacam;0.000001;Chdh;0.020456;Aldh1a2;0.025588;Tespa1;0.018657;Cage1;0.012652;Pigv;0.034138;Ddx19a;0.036863;Sdhc;0.00215;Dst;0.016672
Iqch;0.000001;Pgm5;0.020456;Apobec2;0.025588;Tmeff2;0.018657;Caps2;0.012652;Zfp217;0.03433;2810006K23Rik;0.036863;Plgrkt;0.002187;Ror2;0.017589
Irak1bp1;0.000001;Nol6;0.020456;Asic1;0.025588;1110028F11Rik;0.018657;Cct6b;0.012652;Rbm4b;0.034606;Ndnl2;0.036863;Ccdc53;0.002205;Paqr8;0.017589
Itih2;0.000001;C1rl;0.020456;Atp2a1;0.025588;1700001O22Rik;0.018657;Chst5;0.012652;Srpx2;0.034606;Stat3;0.037342;Sf3b3;0.002261;Spata7;0.017687
Katnal2;0.000001;BC020402;0.020456;Bace2;0.025588;1700019G17Rik;0.018657;Clcn6;0.012652;Mrpl39;0.034707;Sik1;0.037576;Rab32;0.002283;Gins2;0.017687
Klf1;0.000001;Angptl4;0.020456;Cacnb1;0.025588;2810433D01Rik;0.018657;Cldn22;0.012652;S1pr2;0.034859;Rab5b;0.037743;Slc7a7;0.002341;Psd;0.017822
Klhdc7a;0.000001;Tmem220;0.020456;Cbx8;0.025588;4632428C04Rik;0.018657;Cyp2c40;0.012652;Vps13c;0.034903;Zfp191;0.038184;Hps1;0.002376;Tap1;0.017822
0610040B10Rik;0.000001;Slc7a4;0.020456;Ccnjl;0.025588;4921513I03Rik;0.018657;D630041G03Rik;0.012652;Mctp2;0.035897;Srpx;0.03871;Dusp2;0.002391;Rce1;0.017822
1600029I14Rik;0.000001;Slc25a22;0.020456;Chrdl1;0.025588;4933411E08Rik;0.018657;Dnase1l2;0.012652;H2-T22;0.035906;Zbtb16;0.038947;Emr1;0.002391;Nkd2;0.017822
1700012B09Rik;0.000001;Scx;0.020456;Cldn15;0.025588;Actr5;0.018657;E330013P04Rik;0.012652;Ubr4;0.037066;Tcp11l2;0.039748;Dnase2a;0.002436;6330403K07Rik;0.017822
1700013F07Rik;0.000001;Rab22a;0.020456;Clec12b;0.025588;Amy1;0.018657;F630042J09Rik;0.012652;Snrpa;0.037375;Dnmbp;0.039965;Acy1;0.002584;Twistnb;0.017869
1700018F24Rik;0.000001;Qrsl1;0.020456;Crmp1;0.025588;Arhgap40;0.018657;Fam110c;0.012652;Rnf2;0.037743;Srp54b;0.040054;Sema4b;0.002624;Smtn;0.018004
1700019L03Rik;0.000001;Afg3l2;0.020802;Ctsw;0.025588;Ccdc129;0.018657;Fam151b;0.012652;Slc10a6;0.037797;Rdh13;0.040615;Gsr;0.002624;Nr4a2;0.018201
1700024G13Rik;0.000001;8430408G22Rik;0.021315;Cys1;0.025588;Ccdc74a;0.018657;Fam212b;0.012652;2310022B05Rik;0.037797;Stard4;0.041185;Naip5;0.002661;Fgf7;0.019093
1700030J22Rik;0.000001;Muc1;0.021547;D130020L05Rik;0.025588;Ccl11;0.018657;Fate1;0.012652;Nucks1;0.038057;Itgb3;0.041376;Unc119;0.002707;Igf1;0.019858
1700101E01Rik;0.000001;Eif3l;0.022055;D930048N14Rik;0.025588;Celf5;0.018657;Fbxo44;0.012652;Zfp503;0.03816;Nuak1;0.043203;Timm50;0.002745;Rbm24;0.019928
1700123M08Rik;0.000001;Mrps16;0.022428;Dkk2;0.025588;Cenph;0.018657;Gc;0.012652;Cyfip1;0.03823;Trim34a;0.04341;Klhl6;0.002745;8430426J06Rik;0.019928
2010308F09Rik;0.000001;Lars;0.022428;Dnah17;0.025588;Ube2cbp;0.018657;Gjb1;0.012652;Mical3;0.038318;Athl1;0.044399;Ubash3b;0.00277;Nkain4;0.019928
2300005B03Rik;0.000001;Gpx8;0.022605;Dppa2;0.025588;Upk3bl;0.018657;Gjb2;0.012652;Adam12;0.03871;Thoc5;0.045069;Havcr2;0.00277;Nanp;0.019928
2310034G01Rik;0.000001;Abhd17b;0.022605;E130112N10Rik;0.025588;Vps45;0.018657;Gjb3;0.012652;Mfap3;0.03936;Hoxb5;0.045069;Tgif1;0.002788;Pabpc4;0.019928
2410018M08Rik;0.000001;Ccdc90b;0.023588;Eid2b;0.025588;Wnt16;0.018657;Gkn3;0.012652;Zfp280b;0.039965;Abca8b;0.045138;Ctsd;0.0028;Ankrd23;0.019928
2510049J12Rik;0.000001;Myo5c;0.023719;Erich6;0.025588;Xcr1;0.018657;Gm14827;0.012652;Mrpl34;0.040084;5930430L01Rik;0.045138;Cmpk1;0.003138;C1qtnf7;0.019928
2900011O08Rik;0.000001;Lrrfip1;0.024928;Fam46c;0.025588;Zkscan4;0.018657;Gm19897;0.012652;C130074G19Rik;0.040821;Akt1s1;0.045138;Mgat4a;0.003156;Vwa9;0.019965
3830403N18Rik;0.000001;AU021092;0.024972;Gm11837;0.025588;Phf19;0.018657;Gm4432;0.012652;Snrpb2;0.040984;Adamtsl5;0.045138;1810043G02Rik;0.003222;2410127L17Rik;0.020121
4921506M07Rik;0.000001;Tmem254c;0.025204;Gm13152;0.025588;Pou5f1;0.018657;Gm4566;0.012652;Pygo2;0.041308;A830010M20Rik;0.045138;Ptar1;0.003222;Gem;0.020127
4930427A07Rik;0.000001;Pam;0.025249;Gm1653;0.025588;Pus7l;0.018657;Sec1;0.012652;C1ra;0.041376;Slc39a14;0.045138;Pole2;0.003296;Rab3a;0.020288
4930469G21Rik;0.000001;Slc2a10;0.025628;Gimap5;0.026234;Sec24a;0.018813;Slc6a13;0.012652;H2-T9;0.041504;Rslcan18;0.045138;Prr3;0.003296;Tm7sf3;0.02043
4930474M22Rik;0.000001;Abcc1;0.025628;Sh3tc2;0.026583;Yipf3;0.018833;Snord89;0.012652;Csnk1g3;0.041504;Rsad1;0.045138;Cd244;0.003296;Lef1;0.02043
4930564B18Rik;0.000001;Trmu;0.025628;Pxdc1;0.026614;Prss36;0.018843;Tha1;0.012652;Slc39a10;0.042543;Rgs17;0.045138;Kank4;0.003296;Fut10;0.02043
4930581F22Rik;0.000001;Gfod2;0.025628;Gm7367;0.026728;Ppp1r12b;0.01908;Thpo;0.012652;Pink1;0.042743;Unc80;0.045138;Nlrp1b;0.003296;Siah2;0.02043
4932418E24Rik;0.000001;Exd2;0.025628;Stxbp6;0.026747;Fam76b;0.01974;Tm4sf20;0.012652;Klhl21;0.043119;5830416P10Rik;0.045138;Otub2;0.003296;Prpf40b;0.020463
4932438H23Rik;0.000001;Mmadhc;0.026668;Gm3500;0.026818;Spast;0.019895;Tomt;0.012652;Sephs1;0.043119;BC100530;0.045138;Agpat9;0.003296;Troap;0.022651
Enkur;0.000003;Tom1l1;0.026977;Itga6;0.026915;Hmga2;0.020145;Ufsp1;0.012652;2310003H01Rik;0.043203;Bmp7;0.045138;Arl5c;0.003296;Dus1l;0.022855
Zfp763;0.000003;Pon3;0.027245;Klf2;0.02701;Pdk2;0.021425;1190005I06Rik;0.012652;Syap1;0.043988;Ccdc71;0.045138;B430306N03Rik;0.003296;Nup37;0.023355
Erich2;0.000003;Apoa1bp;0.027476;Tmem181a;0.028346;Atl3;0.021543;1700030M09Rik;0.012652;Phka2;0.044399;Chd3os;0.045138;Blm;0.003296;Terf1;0.02349
Capsl;0.000005;4933434E20Rik;0.027967;6430548M08Rik;0.028607;Htra2;0.022077;1700048O20Rik;0.012652;Galt;0.044399;Clec4d;0.045138;Fam26f;0.003296;1810026B05Rik;0.023588
Mns1;0.000005;Nktr;0.028219;Magi1;0.028608;Gatc;0.022077;1700101I11Rik;0.012652;Vps52;0.044399;Dhrs11;0.045138;E030018B13Rik;0.003296;Tpm2;0.024085
C530005A16Rik;0.000005;Tmem138;0.028328;Ppox;0.029248;Plekhm1;0.022443;4930443O20Rik;0.012652;Thra;0.044467;Dhrs9;0.045138;Endog;0.003296;Ino80;0.024472
9130230L23Rik;0.000008;Slc25a16;0.028328;Gdpd3;0.029248;Zfp644;0.022931;A630066F11Rik;0.012652;Mospd2;0.044563;Fam167b;0.045138;1500011K16Rik;0.003434;Mta3;0.024498
9230110C19Rik;0.000008;Ppdpf;0.028632;Srbd1;0.029248;Cecr2;0.023097;AA543186;0.012652;Ctnnbl1;0.045069;Fam26e;0.045138;Inpp5d;0.003556;Gucy1a3;0.024579
Cenpp;0.000008;Pycard;0.029001;Mrps27;0.029248;Ppp4r1;0.023119;AU022793;0.012652;Il11ra1;0.045069;Fat3;0.045138;Camk2d;0.003575;Tmem14c;0.025496
Epb4.1l3;0.000008;Ptpn14;0.029001;9630013A20Rik;0.029365;Rassf2;0.023782;Aass;0.012652;Wwox;0.045069;Fbxl13;0.045138;Sep.10;0.003597;Itpripl1;0.025597
Lrrc56;0.000008;Azi2;0.029437;Ckap5;0.029694;Eif2s3x;0.023993;Acad12;0.012652;Armcx3;0.045081;Fgd3;0.045138;Ctsc;0.003612;Gja4;0.02568
Mxra7;0.000008;Firre;0.029437;Casp8;0.029996;Vsig2;0.024152;Art2a-ps;0.012652;A630001G21Rik;0.045138;Gja5;0.045138;Wdr26;0.003612;Sestd1;0.025877
Nme5;0.000008;Tmem50b;0.02954;Zfp57;0.030145;Sh3glb2;0.024178;BC049762;0.012652;Fbxl8;0.045138;Gm5483;0.045138;Gla;0.00364;Ss18;0.026131
Pim2;0.000008;Zcchc17;0.030536;Zfp788;0.030675;Serinc2;0.024588;BC068157;0.012652;Crocc;0.045138;H2-K2;0.045138;Zfp710;0.003668;Dennd6a;0.026289
Tctn2;0.000008;Idh3b;0.030992;Zfp961;0.031703;Pls1;0.024588;Bach2os;0.012652;Glce;0.045138;H2afy2;0.045138;Polr2k;0.003685;Dvl3;0.026742
Zscan22;0.000008;Zfp397;0.031201;Myo6;0.031723;Rap2c;0.026635;Batf2;0.012652;Gm17762;0.045138;Tarm1;0.045138;Marco;0.003739;Dnajc13;0.026779
Tmsb15b1;0.000012;Exoc3;0.032179;Copa;0.031767;Zrsr1;0.026722;Bdkrb1;0.012652;Coch;0.045138;Il1r2;0.045138;Oas1g;0.003739;Trim28;0.026779
Mthfsd;0.000012;Ocrl;0.032351;Ttc9c;0.033095;Tssc4;0.026722;H2-Ob;0.012652;Hist1h4c;0.045138;Ispd;0.045138;Mcm8;0.003739;Pth1r;0.027467
Mipep;0.000012;Wdr73;0.032746;Vangl1;0.033699;Atxn7l1;0.02708;Hexim2;0.012652;Tmem177;0.045138;Kcnj8;0.045138;Rab7l1;0.003823;Cd59a;0.027467
E230008N13Rik;0.000012;Wwc1;0.032746;Tnfaip8l1;0.034049;Rab26os;0.027101;Hist4h4;0.012652;Enkd1;0.045138;Lonrf1;0.045138;Cep250;0.003893;Actg2;0.027467
Rsph9;0.000016;Zdhhc24;0.032746;Grap;0.034484;Zfyve21;0.027437;Hs3st3b1;0.012652;Cngb1;0.045138;Mast1;0.045138;Hfe;0.003893;4930579G24Rik;0.027467
Wdr54;0.000016;Slc22a18;0.032746;Zfp445;0.034646;Gm19990;0.028026;LOC102634101;0.012652;1700012D14Rik;0.045138;Mcoln1;0.045138;Ly86;0.003895;Uba2;0.027727
Map9;0.000016;Slc9a5;0.032746;2700062C07Rik;0.035141;Acadvl;0.028791;Lig4;0.012652;Srl;0.045138;Mss51;0.045138;Gatm;0.003895;Pcdh1;0.028382
Dynlrb2;0.000016;Sv2a;0.032746;Slc24a5;0.035183;Cir1;0.02898;Lrrn3;0.012652;Mgat5;0.045138;Mutyh;0.045138;Zfp703;0.003895;Tor1aip1;0.028832
Scgb1c1;0.000018;Trim59;0.032746;Smarce1;0.0352;2700089E24Rik;0.030662;Marcksl1-ps4;0.012652;Mill2;0.045138;Nmnat2;0.045138;Gm10653;0.003949;Ttyh2;0.028997
Wdr19;0.000023;Trp53i13;0.032746;Gpatch11;0.035357;Lipo1;0.030681;Masp2;0.012652;Car15;0.045138;Nol3;0.045138;Irak4;0.003957;Crim1;0.029358
Wrap53;0.000033;Tsku;0.032746;Glyr1;0.035364;Tmem41b;0.030704;Me3;0.012652;Spsb2;0.045138;Ntn1;0.045138;Blvra;0.003987;Gm3414;0.02938
Glb1l2;0.000033;Brinp1;0.032746;Cdc42ep4;0.035926;B630005N14Rik;0.030894;Metrn;0.012652;Nacc2;0.045138;Uprt;0.045138;Dnph1;0.004039;Pea15a;0.029862
Fbxo36;0.000033;Ccdc120;0.032746;Tab3;0.03674;Tsc2;0.032587;Mzf1;0.012652;Nav3;0.045138;Nxpe3;0.045138;Gm7609;0.004039;Abcc5;0.030124
Spa17;0.000033;Mocs1;0.032746;Cpne8;0.036905;Mettl4;0.032773;Npy2r;0.012652;1700015E13Rik;0.045138;P2ry2;0.045138;Zbp1;0.004039;Tgfb1i1;0.030124
Olfml2b;0.000048;Nat9;0.032746;Hnrnpul2;0.037262;B130006D01Rik;0.032773;Olfr1030;0.012652;Agbl3;0.045138;Pde1a;0.045138;Pram1;0.004039;C1d;0.030201
Usp2;0.000048;Peo1;0.032746;Vash1;0.037524;Cryz;0.034389;P2ry10;0.012652;A330076H08Rik;0.045138;Rogdi;0.045438;Psd4;0.004039;Lifr;0.030229
Traf3ip1;0.000048;Dennd2a;0.032746;OTTMUSG00000016609;0.037871;Nipa2;0.035658;Acat3;0.013383;0610012H03Rik;0.045138;Golga7;0.045931;Pstpip1;0.004039;Cc2d1a;0.030268
1700097N02Rik;0.000048;Fhdc1;0.032746;Shroom2;0.038035;Thada;0.035658;Slc18a1;0.013383;Zfp316;0.045138;Lman2l;0.046328;Rasgrp1;0.004039;Trim32;0.030268
Mtus2;0.000048;Gramd4;0.032746;2510009E07Rik;0.039793;Rita1;0.036092;1700047I17Rik2;0.013547;R74862;0.045138;Camkk2;0.047141;Scimp;0.004039;Angptl2;0.030866
Ccdc39;0.000049;Gtf2h4;0.032746;Arhgap27;0.041;Zfp583;0.036092;Fam177a;0.013547;Slc25a15;0.045138;Lpar1;0.047632;Ccl2;0.004039;Mtrf1;0.030866
Ccdc146;0.000049;Hist2h2ac;0.032746;Gm6578;0.041091;Serpinb9b;0.036092;Tmem87b;0.013717;Rgs4;0.045138;Vps51;0.049222;Gpr132;0.004039;Gpr124;0.030866
Spata24;0.000049;9630033F20Rik;0.032746;Gga2;0.041518;Klc3;0.036092;Mpv17l2;0.013894;Rhbdl1;0.045138;Alkbh3;0.049222;Trpm2;0.004039;Stc1;0.030866
Elovl2;0.000049;A730008H23Rik;0.032746;Rmnd5a;0.042748;Pced1a;0.036092;Ebag9;0.014001;Rhod;0.045138;;;6720489N17Rik;0.004039;Taf13;0.031234
Dnal1;0.000068;Safb2;0.033942;Rbm14;0.043685;Rasgrf1;0.036092;Adam22;0.014907;Afap1;0.046031;;;Ffar2;0.004039;Odf2;0.031234
Itgb3bp;0.000068;Sec63;0.034636;Ddx6;0.043717;Lactb2;0.036315;Ppat;0.014907;Wdr83;0.046328;;;Gm13034;0.004039;Zfp143;0.031661
1700026L06Rik;0.000068;Ifrd1;0.034649;2610305D13Rik;0.04378;Zranb2;0.036557;Fem1a;0.01491;Raf1;0.046988;;;Nedd9;0.004098;Cmtr1;0.031873
Zdhhc1;0.000094;Baz2a;0.035096;Hist1h2bl;0.04378;Pde8b;0.03721;Mall;0.014964;Smarcc1;0.047214;;;Spag9;0.004226;Dnm3os;0.031921
Nme7;0.000094;Golph3;0.03519;Dffb;0.04378;Taf10;0.037512;4933416M07Rik;0.014964;Mcfd2;0.047214;;;Tspan14;0.004285;Agbl5;0.03276
Fam81a;0.000094;Mfap1b;0.035328;Pusl1;0.04378;Kdm5d;0.03939;Insig2;0.015232;Letm1;0.048108;;;Enc1;0.004405;Plxna4;0.03276
Anxa8;0.000094;Brd8;0.035366;Aff3;0.044179;Tmem255a;0.040543;Akap11;0.015406;Ncor2;0.048528;;;Parp12;0.00452;Piga;0.03276
Gatsl2;0.000094;Armc10;0.035939;Cpsf2;0.044676;Acsf2;0.040555;Snx4;0.015443;Pmpcb;0.048602;;;Plekho2;0.004664;Kdelr1;0.033573
Ccdc122;0.000097;Cmtm6;0.036121;Slx1b;0.044682;Sft2d3;0.040555;Cisd2;0.015681;Atp6ap2;0.049532;;;Lpxn;0.004729;Ntan1;0.033976
Cit;0.000115;Zmym1;0.036993;Snx16;0.045564;Slc45a3;0.040555;Klf9;0.015926;Kbtbd4;0.049786;;;Cox16;0.004781;Mustn1;0.034138
Gnb5;0.000115;Ang;0.036993;Psmb9;0.045564;A930019D19Rik;0.040555;Tmem110;0.01629;;;;;Tmem154;0.004893;Plscr4;0.034606
Crtc1;0.000115;Cnot3;0.037958;Helz2;0.047313;Zfp956;0.040555;Pex5;0.016365;;;;;Helb;0.004927;Ercc1;0.034606
Ift140;0.000115;Ascc1;0.039112;Nova2;0.047523;Rbp2;0.040555;Camk2g;0.016537;;;;;Taldo1;0.004977;Spg20;0.034606
Grb7;0.00013;Polr2l;0.039114;Foxo1;0.047523;Phgr1;0.040555;Mtfr1l;0.016562;;;;;Runx1;0.004983;Tfdp1;0.034883
Tmem29;0.00013;Ninj1;0.039401;Rasgef1a;0.047716;Mms22l;0.040555;Tesk1;0.016702;;;;;Pnpt1;0.005048;Rad54l2;0.034928
Ccdc14;0.000155;Esrp2;0.039701;Esf1;0.049248;Ctu1;0.040863;Sgms1;0.016774;;;;;Snx2;0.005049;Sox4;0.035039
Ccdc17;0.000179;Fam46b;0.039701;Zfp518a;0.04931;1810019J16Rik;0.040863;Brwd1;0.017654;;;;;Rexo2;0.005171;Rsl24d1;0.035069
Eppk1;0.000179;A230072C01Rik;0.039701;Tfpi;0.049667;Pdik1l;0.041279;Nme3;0.017781;;;;;Ggta1;0.005273;1810011O10Rik;0.035279
Ccdc61;0.000208;Hid1;0.039701;Arhgap18;0.049942;Ctps;0.041294;Kansl3;0.018205;;;;;Aif1;0.005407;Lancl3;0.035897
Sqle;0.000208;Ntf5;0.039701;;;Maml2;0.041526;Mthfd1;0.018207;;;;;Gpr34;0.005407;Prmt1;0.035897
Fbxl12;0.000208;Pclo;0.039701;;;Trappc2;0.042093;Lmbr1l;0.01861;;;;;Themis2;0.005407;Cers4;0.037375
Egfr;0.000208;Carf;0.041098;;;Sugp1;0.043847;Pign;0.018999;;;;;1110037F02Rik;0.005413;Creb1;0.037929
Vps18;0.000208;Avl9;0.041817;;;Ankrd13c;0.044037;4921531C22Rik;0.019605;;;;;Slc11a2;0.005566;Pcsk5;0.038009
Tgoln2;0.000224;Immp1l;0.042952;;;Syne2;0.045428;Sumf2;0.020606;;;;;Piezo1;0.005666;Slc10a3-ubl4;0.038026
Pip5k1b;0.000244;Nbea;0.044677;;;Trim14;0.045455;Nolc1;0.020662;;;;;Arpc4;0.005925;Phf12;0.038184
Eif2ak3;0.000244;D17Wsu92e;0.044677;;;Snora68;0.045455;Dnaja4;0.020701;;;;;Notch1;0.00603;Pomgnt1;0.03871
Stk30;0.000244;Cirbp;0.044708;;;Mcm10;0.045455;Slc25a19;0.0211;;;;;Ifngr2;0.00603;Gm5088;0.03871
Esrra;0.000244;Pgs1;0.045325;;;Limk2;0.045645;Prdm16;0.022042;;;;;Cmtm7;0.006169;Phkb;0.038772
Gprc5c;0.000279;Ephx1;0.046274;;;Stk39;0.046921;Ccdc28a;0.022931;;;;;Afap1l2;0.006189;Mar.07;0.039451
Cog2;0.00037;Elk1;0.046274;;;Gemin4;0.047027;Hmga2-ps1;0.022931;;;;;Hsd17b12;0.006225;Rnaseh2a;0.039965
Tmem107;0.000381;Mir703;0.046274;;;Bcar3;0.047027;H2-Q2;0.022931;;;;;Kctd12;0.006406;Mef2c;0.040311
Dusp14;0.000386;Mettl17;0.046274;;;Ubl7;0.047317;H2-Q1;0.022931;;;;;Mrpl48;0.006541;Erh;0.041354
1700088E04Rik;0.000386;Krt10;0.046274;;;Rab3gap2;0.04749;Usp49;0.022931;;;;;Adipor2;0.006629;Ap1ar;0.041376
Dhx16;0.000386;Ppp1r3b;0.046274;;;Nckap5l;0.048294;Tmem238;0.022931;;;;;Cd79b;0.006789;Kdm2b;0.041376
Psrc1;0.000399;Prkrir;0.046274;;;Rsbn1;0.048294;Sh3bp5l;0.022931;;;;;Hsf2;0.006957;Kif2a;0.041413
Ptrh1;0.000399;Atg4d;0.046274;;;Gm16880;0.048408;Epn3;0.022931;;;;;Gpr141;0.007025;Igf1r;0.041433
Pxylp1;0.000399;Acap3;0.046274;;;Utp15;0.048408;Spata5;0.023291;;;;;Lsm10;0.007128;Eif4e3;0.041485
Pycr1;0.000399;Tjp3;0.046274;;;Senp7;0.049461;Acyp2;0.025045;;;;;Slamf9;0.007249;Snai2;0.041485
Rassf10;0.000399;Ssx2ip;0.046274;;;Gna13;0.049796;Phf2;0.025279;;;;;Fgfr1op2;0.007395;Cldn25;0.04196
Rgs11;0.000399;Slc46a1;0.046274;;;Trmt2a;0.04981;Cables2;0.026042;;;;;Hmha1;0.007577;Zfp516;0.042051
Rnf208;0.000399;Zfp346;0.046274;;;;;Slc25a13;0.026164;;;;;Rin3;0.007605;2810403A07Rik;0.042743
Ropn1l;0.000399;Spc24;0.047138;;;;;Ctdp1;0.026164;;;;;Ticam2;0.007742;Ranbp9;0.043604
Scrn2;0.000399;Gltp;0.047725;;;;;Mpzl2;0.026164;;;;;Tmem191c;0.007742;Daam2;0.044399
Sec16b;0.000399;Trim44;0.047756;;;;;Prpf18;0.02627;;;;;Tnfsf8;0.007742;C230091D08Rik;0.044399
Shisa3;0.000399;Gpr137b-ps;0.047946;;;;;Rbm4;0.026456;;;;;Trpc6;0.007742;Ikbip;0.044623
Slc25a35;0.000399;Prpf38b;0.048468;;;;;Tmem206;0.027307;;;;;Zfp709;0.007742;Haus6;0.045069
Fsd1;0.000399;Ptgr1;0.049546;;;;;Degs1;0.027509;;;;;Mkln1os;0.007742;Tmem246;0.045069
Fuk;0.000399;Slc44a3;0.049546;;;;;St14;0.027618;;;;;Mrgpra9;0.007742;Ifi27;0.045081
Gas2;0.000399;;;;;;;Npas2;0.02825;;;;;Olfr1441;0.007742;Col11a1;0.045138
Gm14446;0.000399;;;;;;;Crnde;0.02825;;;;;Olfr655;0.007742;Cyp2e1;0.045138
Gm3417;0.000399;;;;;;;Smad6;0.02825;;;;;Padi2;0.007742;Rab6b;0.045138
Gm3448;0.000399;;;;;;;Hgsnat;0.02825;;;;;Pdcd1lg2;0.007742;Rgs6;0.045138
Ssc5d;0.000399;;;;;;;Ranbp6;0.028445;;;;;Plet1os;0.007742;Rnd2;0.045138
Syt10;0.000399;;;;;;;Gm14634;0.028445;;;;;Ptgir;0.007742;Slc16a4;0.045138
Vash2;0.000399;;;;;;;Pfkfb4;0.028564;;;;;Raver2;0.007742;Slc2a13;0.045138
Wbscr17;0.000399;;;;;;;Atf6b;0.029488;;;;;Rwdd2a;0.007742;Socs4;0.045138
Wdr65;0.000399;;;;;;;D030028A08Rik;0.02977;;;;;Samd15;0.007742;St3gal3;0.045138
Wnk2;0.000399;;;;;;;Fdxacb1;0.02977;;;;;Scg3;0.007742;Timp1;0.045138
Zfp54;0.000399;;;;;;;Cdk18;0.02977;;;;;Sgms2;0.007742;Zfp553;0.045138
Zfpm2;0.000399;;;;;;;Meis3;0.02977;;;;;Shcbp1l;0.007742;Lrsam1;0.045138
Ect2l;0.000399;;;;;;;Klf16;0.02977;;;;;Caskin1;0.007742;Map4k1;0.045138
F630111L10Rik;0.000399;;;;;;;B330016D10Rik;0.02977;;;;;Ccl25;0.007742;Mlst8;0.045138
Lum;0.000399;;;;;;;Zfp51;0.02977;;;;;Ccr10;0.007742;Mrgprf;0.045138
Ly6i;0.000399;;;;;;;Yae1d1;0.030151;;;;;Cd300lh;0.007742;Mtmr9;0.045138
Mipol1;0.000399;;;;;;;Zfp777;0.031042;;;;;Celsr3;0.007742;Neurl2;0.045138
Mospd4;0.000399;;;;;;;Nus1;0.031489;;;;;Cep72;0.007742;Nipal4;0.045138
Mtfr2;0.000399;;;;;;;Fbxw5;0.031825;;;;;Clec4a4;0.007742;Nrip2;0.045138
Nek2;0.000399;;;;;;;Dennd2d;0.03311;;;;;Clstn2;0.007742;Osr1;0.045138
Nlgn3;0.000399;;;;;;;Crlf1;0.034058;;;;;Cpeb1;0.007742;Dbr1;0.045138
Pbx4;0.000399;;;;;;;Dtx2;0.034058;;;;;Crtam;0.007742;Dusp27;0.045138
Pcsk4;0.000399;;;;;;;Rnf43;0.036134;;;;;Csprs;0.007742;F8a;0.045138
Pdgfrl;0.000399;;;;;;;Susd4;0.036134;;;;;D030047H15Rik;0.007742;Fam195a;0.045138
Pigw;0.000399;;;;;;;Cpsf3;0.036227;;;;;Dact1;0.007742;Trim68;0.045138
Sptlc3;0.000399;;;;;;;Plekhf2;0.037178;;;;;E230016K23Rik;0.007742;1500015A07Rik;0.045138
Srd5a1;0.000399;;;;;;;E2f2;0.037611;;;;;Slc29a2;0.007742;1700086O06Rik;0.045138
Adora2b;0.000399;;;;;;;Max;0.038621;;;;;Slc46a3;0.007742;3110057O12Rik;0.045138
Agtr2;0.000399;;;;;;;Crem;0.040785;;;;;Slc6a4;0.007742;4631405J19Rik;0.045138
Art4;0.000399;;;;;;;Eml6;0.040814;;;;;Snord22;0.007742;5730409E04Rik;0.045138
Bmp8b;0.000399;;;;;;;Armcx5;0.040814;;;;;Snord47;0.007742;9430091E24Rik;0.045138
C8g;0.000399;;;;;;;Loh12cr1;0.04286;;;;;Spata45;0.007742;AB041803;0.045138
Calr3;0.000399;;;;;;;4933411K20Rik;0.043153;;;;;Spn;0.007742;AI414108;0.045138
Cbr3;0.000399;;;;;;;Coq6;0.043327;;;;;4833418N02Rik;0.007742;Adra2b;0.045138
Ccdc114;0.000399;;;;;;;Lman1;0.043409;;;;;A230056J06Rik;0.007742;Artn;0.045138
Ccdc166;0.000399;;;;;;;Fyttd1;0.043849;;;;;A330040F15Rik;0.007742;BC052040;0.045138
Ccdc19;0.000399;;;;;;;1700030K09Rik;0.044579;;;;;A530064D06Rik;0.007742;BC065397;0.045138
Cdhr3;0.000399;;;;;;;Keap1;0.046364;;;;;Abhd3;0.007742;C030034I22Rik;0.045138
Cep131;0.000399;;;;;;;Gnptab;0.046364;;;;;Acot11;0.007742;Six5;0.046328
Col6a5;0.000399;;;;;;;Ddx19b;0.049279;;;;;Acrbp;0.007742;Cct6a;0.047293
Cyb5rl;0.000399;;;;;;;Snhg10;0.049279;;;;;Alpk2;0.007742;Acsl3;0.048108
Cysltr1;0.000399;;;;;;;9130401M01Rik;0.049279;;;;;Aoah;0.007742;Uhrf1;0.048108
Dnah1;0.000399;;;;;;;1700049G17Rik;0.049279;;;;;Arrdc2;0.007742;Fam220a;0.048108
Dnah7a;0.000399;;;;;;;AI846148;0.049279;;;;;Astl;0.007742;Zfp608;0.048133
Gpr44;0.000399;;;;;;;;;;;;;B230216G23Rik;0.007742;Bicd2;0.048602
Guca1b;0.000399;;;;;;;;;;;;;BC055324;0.007742;Pdgfra;0.048903
Hirip3;0.000399;;;;;;;;;;;;;Fam162b;0.007742;Fut8;0.049062
Itga2b;0.000399;;;;;;;;;;;;;Fam178b;0.007742;Nt5e;0.049222
Khdrbs3;0.000399;;;;;;;;;;;;;Fam203a;0.007742;Dnmt3a;0.049317
1110006O24Rik;0.000399;;;;;;;;;;;;;Fam83f;0.007742;Kbtbd3;0.049786
1700018A04Rik;0.000399;;;;;;;;;;;;;Fbxl15;0.007742;Slc20a1;0.049786
2310007L24Rik;0.000399;;;;;;;;;;;;;Fbxo31;0.007742;;
4930404N11Rik;0.000399;;;;;;;;;;;;;Fcna;0.007742;;
4930412C18Rik;0.000399;;;;;;;;;;;;;G730013B05Rik;0.007742;;
4930444P10Rik;0.000399;;;;;;;;;;;;;Gk5;0.007742;;
4930451G09Rik;0.000399;;;;;;;;;;;;;Gm11545;0.007742;;
4930562C15Rik;0.000399;;;;;;;;;;;;;Gm13238;0.007742;;
9130221H12Rik;0.000399;;;;;;;;;;;;;Gm15987;0.007742;;
9530077C05Rik;0.000399;;;;;;;;;;;;;Gm16675;0.007742;;
Abcb6;0.000399;;;;;;;;;;;;;Gm4832;0.007742;;
Adat3;0.000399;;;;;;;;;;;;;Gm6116;0.007742;;
Ppfia2;0.000399;;;;;;;;;;;;;Gm9733;0.007742;;
Ppp1r3d;0.000399;;;;;;;;;;;;;Gpr20;0.007742;;
Slc7a6;0.00049;;;;;;;;;;;;;H2-Oa;0.007742;;
Rpp38;0.00049;;;;;;;;;;;;;Hcn3;0.007742;;
Itpk1;0.000503;;;;;;;;;;;;;Higd1b;0.007742;;
Zfp41;0.000503;;;;;;;;;;;;;Hist1h2bf;0.007742;;
9430016H08Rik;0.000503;;;;;;;;;;;;;Hist1h2bm;0.007742;;
Hnf1b;0.000503;;;;;;;;;;;;;Hist1h4i;0.007742;;
Utp6;0.00059;;;;;;;;;;;;;Hist2h4;0.007742;;
Bag2;0.00059;;;;;;;;;;;;;Hyal5;0.007742;;
Hsph1;0.000632;;;;;;;;;;;;;Ido2;0.007742;;
Ccpg1os;0.000632;;;;;;;;;;;;;Il27;0.007742;;
Nsun7;0.000632;;;;;;;;;;;;;Inca1;0.007742;;
Ccdc157;0.000643;;;;;;;;;;;;;Mir3535;0.007742;;
2700097O09Rik;0.000643;;;;;;;;;;;;;Mir6398;0.007742;;
Smim22;0.000643;;;;;;;;;;;;;Sema4a;0.007984;;
Gm16907;0.000643;;;;;;;;;;;;;Nlrx1;0.007984;;
Tmem53;0.000653;;;;;;;;;;;;;Zfp142;0.007984;;
Lrrc28;0.000653;;;;;;;;;;;;;Sulf2;0.008034;;
Plxna3;0.000669;;;;;;;;;;;;;Clta;0.008097;;
Rwdd2b;0.000669;;;;;;;;;;;;;Aebp2;0.008097;;
Fhl2;0.000669;;;;;;;;;;;;;Elmo2;0.008254;;
Fxyd6;0.000669;;;;;;;;;;;;;Mapkapk2;0.008368;;
Plat;0.000669;;;;;;;;;;;;;Pqlc3;0.008368;;
2010204K13Rik;0.000669;;;;;;;;;;;;;Nmt1;0.008443;;
1700052K11Rik;0.000669;;;;;;;;;;;;;Il17ra;0.008755;;
Gm7173;0.000669;;;;;;;;;;;;;Tnfrsf21;0.008873;;
Ap3m2;0.000669;;;;;;;;;;;;;Plagl2;0.008884;;
Aifm3;0.000669;;;;;;;;;;;;;Rgs19;0.008936;;
Nudt15;0.000669;;;;;;;;;;;;;Vdr;0.009005;;
Loxl4;0.000669;;;;;;;;;;;;;Sowahc;0.009232;;
Tmem125;0.000669;;;;;;;;;;;;;Rab35;0.009232;;
Grip1;0.000669;;;;;;;;;;;;;Mob1a;0.009349;;
Rab23;0.000748;;;;;;;;;;;;;Plaur;0.009367;;
Dusp18;0.000807;;;;;;;;;;;;;Arhgdia;0.009417;;
Retsat;0.000807;;;;;;;;;;;;;Trafd1;0.009734;;
Adck4;0.000807;;;;;;;;;;;;;Zfp97;0.009832;;
Ect2;0.000807;;;;;;;;;;;;;Vac14;0.009832;;
Tmem161a;0.000944;;;;;;;;;;;;;Slc22a17;0.009832;;
Steap2;0.000944;;;;;;;;;;;;;Samd8;0.009876;;
Ccdc181;0.001026;;;;;;;;;;;;;Trim30a;0.009907;;
Mapre3;0.001026;;;;;;;;;;;;;Kars;0.009921;;
Rmnd5b;0.001149;;;;;;;;;;;;;Casp1;0.010253;;
LOC100504703;0.001187;;;;;;;;;;;;;Per1;0.010314;;
Lrrc51;0.001187;;;;;;;;;;;;;Glrx;0.010484;;
Bnip1;0.001299;;;;;;;;;;;;;Gins4;0.010587;;
Blzf1;0.001299;;;;;;;;;;;;;Nptn;0.010745;;
Rpgrip1l;0.001319;;;;;;;;;;;;;Calr;0.010846;;
Orai2;0.001381;;;;;;;;;;;;;Kctd12b;0.010955;;
Tmem65;0.001381;;;;;;;;;;;;;Psmg4;0.011149;;
Morn2;0.001381;;;;;;;;;;;;;Sec11a;0.011164;;
Katnb1;0.001486;;;;;;;;;;;;;Ms4a6b;0.011369;;
Cbll1;0.001486;;;;;;;;;;;;;Gpr65;0.011369;;
Ptdss2;0.001486;;;;;;;;;;;;;Nat10;0.011369;;
Hspa4l;0.001486;;;;;;;;;;;;;Lpl;0.011453;;
Tppp3;0.001489;;;;;;;;;;;;;Fen1;0.012157;;
Hspa2;0.001489;;;;;;;;;;;;;Cdkn1a;0.012268;;
Ttbk2;0.001636;;;;;;;;;;;;;Dpp8;0.01247;;
Pfn2;0.001636;;;;;;;;;;;;;Kat7;0.01249;;
Pla2g4a;0.001637;;;;;;;;;;;;;Gyk;0.012496;;
Hs6st1;0.001637;;;;;;;;;;;;;Usf2;0.012496;;
Narfl;0.001637;;;;;;;;;;;;;Hoxa5;0.012576;;
Tcea3;0.001747;;;;;;;;;;;;;Cib1;0.012665;;
Cyb561;0.001747;;;;;;;;;;;;;Arhgap4;0.012741;;
Fbxw9;0.001754;;;;;;;;;;;;;Lilra6;0.012741;;
Fbxo32;0.001821;;;;;;;;;;;;;Itgam;0.012741;;
2210408I21Rik;0.001821;;;;;;;;;;;;;Cidec;0.012927;;
1700094D03Rik;0.00186;;;;;;;;;;;;;Bank1;0.012927;;
Dzip1l;0.002021;;;;;;;;;;;;;Hpgds;0.012927;;
Spon2;0.002021;;;;;;;;;;;;;Nlrc5;0.012927;;
3110082I17Rik;0.002021;;;;;;;;;;;;;Fcrls;0.012927;;
Irx5;0.002053;;;;;;;;;;;;;Nkrf;0.012927;;
2610034B18Rik;0.002143;;;;;;;;;;;;;Pld3;0.01316;;
Aebp1;0.002143;;;;;;;;;;;;;Psme3;0.013184;;
Gphn;0.002257;;;;;;;;;;;;;Cap1;0.013531;;
Siae;0.002298;;;;;;;;;;;;;Actr3;0.013594;;
Stk19;0.002563;;;;;;;;;;;;;Hltf;0.014246;;
Hmgn3;0.002563;;;;;;;;;;;;;Eme1;0.014255;;
Lgalsl;0.002563;;;;;;;;;;;;;Iqce;0.014255;;
Zfp839;0.002563;;;;;;;;;;;;;Tfpt;0.014255;;
Hmgcll1;0.002618;;;;;;;;;;;;;Tcof1;0.014412;;
Smim6;0.002618;;;;;;;;;;;;;Uba5;0.014608;;
Rab3ip;0.002618;;;;;;;;;;;;;Ssh1;0.014608;;
BC005624;0.002671;;;;;;;;;;;;;Mta2;0.014718;;
Gprasp1;0.002728;;;;;;;;;;;;;Epn1;0.014817;;
Cdon;0.00284;;;;;;;;;;;;;Ifitm6;0.01499;;
Exosc4;0.003047;;;;;;;;;;;;;Casp4;0.01499;;
Cc2d2a;0.003097;;;;;;;;;;;;;Tbc1d2;0.015042;;
Dock7;0.003196;;;;;;;;;;;;;Ss18l1;0.015042;;
Arl13b;0.003264;;;;;;;;;;;;;Srxn1;0.015042;;
Rxra;0.003264;;;;;;;;;;;;;Fcgr4;0.015042;;
Trim2;0.003287;;;;;;;;;;;;;Slc5a6;0.015042;;
Tbcc;0.003406;;;;;;;;;;;;;H2-Ab1;0.015042;;
Gm20337;0.003406;;;;;;;;;;;;;Dhrs13;0.015042;;
Ttc26;0.003406;;;;;;;;;;;;;Nfatc2;0.015042;;
Telo2;0.003406;;;;;;;;;;;;;Smchd1;0.015778;;
Zbtb49;0.003406;;;;;;;;;;;;;Cpsf4;0.015897;;
E4f1;0.003406;;;;;;;;;;;;;Map3k5;0.015929;;
Fam83b;0.003406;;;;;;;;;;;;;Uqcrfs1;0.016192;;
Med9os;0.003406;;;;;;;;;;;;;Slc29a1;0.016207;;
Medag;0.003406;;;;;;;;;;;;;Stk4;0.016207;;
Nat8l;0.003406;;;;;;;;;;;;;Anln;0.01623;;
Adgb;0.003406;;;;;;;;;;;;;Stard5;0.01623;;
Casc1;0.003406;;;;;;;;;;;;;Acss1;0.016324;;
Ccdc112;0.003406;;;;;;;;;;;;;Map3k3;0.016838;;
Ctsk;0.003406;;;;;;;;;;;;;Whsc1;0.017061;;
Daw1;0.003406;;;;;;;;;;;;;Bcl2a1c;0.017448;;
Dlgap5;0.003406;;;;;;;;;;;;;Thnsl1;0.017448;;
Dnaic1;0.003406;;;;;;;;;;;;;Akap14;0.017448;;
Hsf5;0.003406;;;;;;;;;;;;;Nrm;0.017482;;
4930513N10Rik;0.003406;;;;;;;;;;;;;Srrd;0.017751;;
A230050P20Rik;0.003406;;;;;;;;;;;;;Ndfip2;0.017813;;
AU040972;0.003406;;;;;;;;;;;;;Dcaf7;0.017875;;
Abca6;0.003406;;;;;;;;;;;;;Eno1;0.017978;;
Ptger3;0.003406;;;;;;;;;;;;;Bnip2;0.017978;;
Pygo1;0.003406;;;;;;;;;;;;;Naa60;0.018224;;
Rassf6;0.003406;;;;;;;;;;;;;Serp1;0.018253;;
Rbpms2;0.003406;;;;;;;;;;;;;Ltc4s;0.01845;;
Rgs9;0.003406;;;;;;;;;;;;;Pik3r5;0.01845;;
Vps37b;0.003494;;;;;;;;;;;;;Zdhhc13;0.019158;;
Cluap1;0.003719;;;;;;;;;;;;;Taf6l;0.019757;;
Isyna1;0.003719;;;;;;;;;;;;;Ppp6r1;0.020421;;
Cadps2;0.003811;;;;;;;;;;;;;Hvcn1;0.020421;;
A330021E22Rik;0.003811;;;;;;;;;;;;;Mrpl36;0.020621;;
Galk1;0.003864;;;;;;;;;;;;;Trim12c;0.021155;;
Lca5;0.003937;;;;;;;;;;;;;Bre;0.021409;;
Rsph3a;0.003937;;;;;;;;;;;;;Eif4g3;0.021636;;
Uty;0.003946;;;;;;;;;;;;;Slc16a3;0.021953;;
Ccdc104;0.003958;;;;;;;;;;;;;Wfdc17;0.022568;;
Kif3b;0.00428;;;;;;;;;;;;;C330006A16Rik;0.0227;;
Toe1;0.00428;;;;;;;;;;;;;Manf;0.022985;;
Odf2l;0.004369;;;;;;;;;;;;;Eif4ebp3;0.023013;;
Dlg3;0.00452;;;;;;;;;;;;;Mcm3;0.023013;;
D3Ertd751e;0.00452;;;;;;;;;;;;;Sc4mol;0.023059;;
Pcnxl4;0.00452;;;;;;;;;;;;;Ankhd1;0.02313;;
Ankrd32;0.004531;;;;;;;;;;;;;Aprt;0.023345;;
1810019D21Rik;0.004531;;;;;;;;;;;;;Slc29a3;0.023452;;
Wdr35;0.004531;;;;;;;;;;;;;Ddx39;0.023452;;
Tmco3;0.004531;;;;;;;;;;;;;Rhog;0.024164;;
Pgpep1;0.004531;;;;;;;;;;;;;Capn6;0.024654;;
Tmem129;0.004652;;;;;;;;;;;;;Tal1;0.025141;;
Tcirg1;0.004652;;;;;;;;;;;;;Ralb;0.025163;;
Nfs1;0.004722;;;;;;;;;;;;;Fam111a;0.025203;;
Rps19bp1;0.004731;;;;;;;;;;;;;Timm8b;0.026214;;
Tmem79;0.004859;;;;;;;;;;;;;C2cd2;0.026715;;
Eno2;0.004859;;;;;;;;;;;;;Nceh1;0.026999;;
Misp;0.004859;;;;;;;;;;;;;Commd3;0.027251;;
Ndrg4;0.004859;;;;;;;;;;;;;Cd300lb;0.027373;;
Nfe2;0.004859;;;;;;;;;;;;;Spty2d1;0.027488;;
Pde1c;0.004859;;;;;;;;;;;;;Ddx18;0.027896;;
Gm6213;0.004859;;;;;;;;;;;;;Agps;0.027998;;
Kif2c;0.004859;;;;;;;;;;;;;Whsc1l1;0.028386;;
1700008J07Rik;0.004859;;;;;;;;;;;;;Psmb3;0.028532;;
5730559C18Rik;0.004859;;;;;;;;;;;;;Arpc2;0.028634;;
Ptpro;0.004859;;;;;;;;;;;;;Mpp1;0.028662;;
Fkbpl;0.004859;;;;;;;;;;;;;Arl16;0.029389;;
Hist1h3c;0.004859;;;;;;;;;;;;;Uchl3;0.029432;;
Iqcg;0.005148;;;;;;;;;;;;;Nmral1;0.030086;;
Gnal;0.00537;;;;;;;;;;;;;Trim6;0.030086;;
Ruvbl1;0.00537;;;;;;;;;;;;;Kynu;0.030086;;
Gpr137;0.00537;;;;;;;;;;;;;Fanci;0.030086;;
Gm6710;0.005616;;;;;;;;;;;;;Tnip2;0.030086;;
Cep290;0.0058;;;;;;;;;;;;;Slc9a9;0.030086;;
Top3b;0.0058;;;;;;;;;;;;;Rad51b;0.030086;;
Rsph3b;0.005973;;;;;;;;;;;;;Tnfrsf11a;0.030086;;
Cry2;0.006027;;;;;;;;;;;;;Zbtb42;0.030086;;
Irak2;0.006344;;;;;;;;;;;;;Gtf3c5;0.030178;;
Sbf1;0.006425;;;;;;;;;;;;;Atic;0.030178;;
Ccng1;0.006425;;;;;;;;;;;;;Pla2g7;0.030178;;
Erbb2;0.006758;;;;;;;;;;;;;Vps37c;0.030178;;
Cstf2;0.006758;;;;;;;;;;;;;Capn12;0.030911;;
Bcl2l12;0.006758;;;;;;;;;;;;;Zbtb34;0.031228;;
Tpgs2;0.006806;;;;;;;;;;;;;Ski;0.031577;;
Prmt2;0.007037;;;;;;;;;;;;;Atp6v1e1;0.032227;;
Tti1;0.007037;;;;;;;;;;;;;Scap;0.032342;;
Wdr92;0.007158;;;;;;;;;;;;;Zfp69;0.033146;;
Nin;0.007347;;;;;;;;;;;;;1810022K09Rik;0.033849;;
Fsd1l;0.007471;;;;;;;;;;;;;Rgs1;0.033935;;
Serf1;0.007508;;;;;;;;;;;;;Cenpo;0.033935;;
Mdm1;0.007508;;;;;;;;;;;;;Poc1a;0.033937;;
Dos;0.007732;;;;;;;;;;;;;Ms4a4c;0.033937;;
Sec14l3;0.008014;;;;;;;;;;;;;Yy2;0.033937;;
Pdxk;0.008035;;;;;;;;;;;;;Zmat3;0.033937;;
Klf5;0.008035;;;;;;;;;;;;;Gm18853;0.033937;;
Rabl2;0.008035;;;;;;;;;;;;;Gm17757;0.033937;;
Nrk;0.008042;;;;;;;;;;;;;2310036O22Rik;0.033963;;
Cox6b2;0.008193;;;;;;;;;;;;;Ptpra;0.034047;;
Gbf1;0.008218;;;;;;;;;;;;;Dcp2;0.034122;;
Cep83;0.008373;;;;;;;;;;;;;Gtf3a;0.03426;;
Pisd;0.008744;;;;;;;;;;;;;Rnf217;0.034487;;
Cetn2;0.008836;;;;;;;;;;;;;Stat1;0.034975;;
Adrbk1;0.008876;;;;;;;;;;;;;Fbxw11;0.035528;;
Arf2;0.008876;;;;;;;;;;;;;Pik3cg;0.035865;;
Nr2c1;0.0091;;;;;;;;;;;;;Tstd3;0.035865;;
Lrrfip2;0.009488;;;;;;;;;;;;;Atp1a1;0.036119;;
Dnajb14;0.009519;;;;;;;;;;;;;Pprc1;0.036448;;
2810403D21Rik;0.009519;;;;;;;;;;;;;Commd9;0.036852;;
Ccdc18;0.009519;;;;;;;;;;;;;Vcpip1;0.037293;;
Vrk1;0.010093;;;;;;;;;;;;;2310001H17Rik;0.038186;;
Dynlt1b;0.010223;;;;;;;;;;;;;Poli;0.038186;;
Gon4l;0.010248;;;;;;;;;;;;;Ndufb7;0.039048;;
Cgrrf1;0.010266;;;;;;;;;;;;;Sgpp1;0.039135;;
Kcnab2;0.010309;;;;;;;;;;;;;Rilpl2;0.039135;;
Ift122;0.010309;;;;;;;;;;;;;Slc3a2;0.039438;;
2310040G24Rik;0.010309;;;;;;;;;;;;;Magohb;0.039859;;
4632434I11Rik;0.010309;;;;;;;;;;;;;Lamtor2;0.040646;;
Atp6v0e2;0.010309;;;;;;;;;;;;;Baz1a;0.041273;;
Bloc1s5;0.010309;;;;;;;;;;;;;Pdf;0.041328;;
Cables1;0.010309;;;;;;;;;;;;;Slc9a6;0.041328;;
Ccbl2;0.010309;;;;;;;;;;;;;Mbd2;0.041455;;
Prom1;0.010309;;;;;;;;;;;;;1190002N15Rik;0.042644;;
Pvrl4;0.010309;;;;;;;;;;;;;Csgalnact2;0.042661;;
Rspo1;0.010309;;;;;;;;;;;;;Star;0.042859;;
Serpinc1;0.010309;;;;;;;;;;;;;Ndc80;0.042859;;
Sgol2;0.010309;;;;;;;;;;;;;Irgq;0.042859;;
Slc1a4;0.010309;;;;;;;;;;;;;Palb2;0.042859;;
Snhg11;0.010309;;;;;;;;;;;;;Ctif;0.042859;;
Spink2;0.010309;;;;;;;;;;;;;2900008C10Rik;0.042859;;
Fignl1;0.010309;;;;;;;;;;;;;Cyb5r4;0.043759;;
Gabrb2;0.010309;;;;;;;;;;;;;Ptp4a3;0.044041;;
Gins1;0.010309;;;;;;;;;;;;;Tmem63a;0.044218;;
Zscan12;0.010309;;;;;;;;;;;;;Vps37a;0.044513;;
Ncs1;0.010309;;;;;;;;;;;;;Plac8;0.044857;;
Nphp3;0.010309;;;;;;;;;;;;;Pml;0.044857;;
Nrg4;0.010309;;;;;;;;;;;;;Cdc42se2;0.044879;;
Paqr6;0.010309;;;;;;;;;;;;;Rfwd3;0.044879;;
Sulf1;0.010309;;;;;;;;;;;;;Pgk1;0.045285;;
Tbc1d22b;0.010309;;;;;;;;;;;;;Mrpl35;0.045982;;
Ttc39a;0.010309;;;;;;;;;;;;;Ebpl;0.046403;;
Whrn;0.010309;;;;;;;;;;;;;Sh3bp1;0.046403;;
Wnk4;0.010309;;;;;;;;;;;;;Dusp22;0.04686;;
Zbtb25;0.010309;;;;;;;;;;;;;Eif1ad;0.047331;;
Chaf1a;0.010309;;;;;;;;;;;;;Rad51ap1;0.047983;;
Clec5a;0.010309;;;;;;;;;;;;;Nudt22;0.048624;;
Cmpk2;0.010309;;;;;;;;;;;;;Traf3;0.048864;;
Efcab2;0.010309;;;;;;;;;;;;;Gpr108;0.049694;;
Ern1;0.010309;;;;;;;;;;;;;;;;
Faah;0.010309;;;;;;;;;;;;;;;;
Fam227a;0.010309;;;;;;;;;;;;;;;;
Lck;0.010309;;;;;;;;;;;;;;;;
Mfsd6l;0.010309;;;;;;;;;;;;;;;;
Naprt1;0.010309;;;;;;;;;;;;;;;;
Kif24;0.010309;;;;;;;;;;;;;;;;
Exoc8;0.01053;;;;;;;;;;;;;;;;
Atrn;0.010666;;;;;;;;;;;;;;;;
Strn4;0.010675;;;;;;;;;;;;;;;;
Csad;0.010779;;;;;;;;;;;;;;;;
Sccpdh;0.010804;;;;;;;;;;;;;;;;
Zfp275;0.010951;;;;;;;;;;;;;;;;
Igsf3;0.011002;;;;;;;;;;;;;;;;
Ash2l;0.011002;;;;;;;;;;;;;;;;
Stat5a;0.011002;;;;;;;;;;;;;;;;
Ramp1;0.011015;;;;;;;;;;;;;;;;
Gm5803;0.011029;;;;;;;;;;;;;;;;
Dync2h1;0.011205;;;;;;;;;;;;;;;;
Fam199x;0.01162;;;;;;;;;;;;;;;;
Gns;0.01162;;;;;;;;;;;;;;;;
Mrps17;0.011727;;;;;;;;;;;;;;;;
Hmcn1;0.011862;;;;;;;;;;;;;;;;
Cdkn1c;0.011862;;;;;;;;;;;;;;;;
Cntd1;0.011978;;;;;;;;;;;;;;;;
Ndufaf3;0.011978;;;;;;;;;;;;;;;;
Ezr;0.012029;;;;;;;;;;;;;;;;
Cbx6;0.012179;;;;;;;;;;;;;;;;
Krt8;0.012179;;;;;;;;;;;;;;;;
Pld1;0.012302;;;;;;;;;;;;;;;;
Unc119b;0.012302;;;;;;;;;;;;;;;;
Ston2;0.012302;;;;;;;;;;;;;;;;
Cep63;0.012482;;;;;;;;;;;;;;;;
Nek1;0.012482;;;;;;;;;;;;;;;;
Pspc1;0.012482;;;;;;;;;;;;;;;;
Lcorl;0.01253;;;;;;;;;;;;;;;;
Eci2;0.012547;;;;;;;;;;;;;;;;
Gnpnat1;0.012719;;;;;;;;;;;;;;;;
Spint2;0.012845;;;;;;;;;;;;;;;;
Bphl;0.013343;;;;;;;;;;;;;;;;
2310010J17Rik;0.013563;;;;;;;;;;;;;;;;
Ada;0.013563;;;;;;;;;;;;;;;;
BC064078;0.013563;;;;;;;;;;;;;;;;
Plekhg3;0.013563;;;;;;;;;;;;;;;;
Mirg;0.013563;;;;;;;;;;;;;;;;
Fsbp;0.013563;;;;;;;;;;;;;;;;
Ddx20;0.013563;;;;;;;;;;;;;;;;
Fbxw17;0.013563;;;;;;;;;;;;;;;;
Mia2;0.013563;;;;;;;;;;;;;;;;
Rem1;0.013563;;;;;;;;;;;;;;;;
1110032A03Rik;0.013618;;;;;;;;;;;;;;;;
Szrd1;0.013932;;;;;;;;;;;;;;;;
Rb1;0.013932;;;;;;;;;;;;;;;;
Eif2d;0.014009;;;;;;;;;;;;;;;;
Nhp2;0.014038;;;;;;;;;;;;;;;;
Tagap1;0.014276;;;;;;;;;;;;;;;;
Zfp945;0.014513;;;;;;;;;;;;;;;;
Chka;0.014513;;;;;;;;;;;;;;;;
Fam120aos;0.014513;;;;;;;;;;;;;;;;
Sh2b1;0.014548;;;;;;;;;;;;;;;;
Polr3k;0.014904;;;;;;;;;;;;;;;;
Ift43;0.01506;;;;;;;;;;;;;;;;
Tm9sf4;0.015227;;;;;;;;;;;;;;;;
Ppp2ca;0.015227;;;;;;;;;;;;;;;;
Nudc;0.015283;;;;;;;;;;;;;;;;
Dpy30;0.015523;;;;;;;;;;;;;;;;
Ube2r2;0.015523;;;;;;;;;;;;;;;;
Ate1;0.015596;;;;;;;;;;;;;;;;
Gtf3c6;0.015636;;;;;;;;;;;;;;;;
Ube2e1;0.015682;;;;;;;;;;;;;;;;
Bicc1;0.015682;;;;;;;;;;;;;;;;
Zfp410;0.016156;;;;;;;;;;;;;;;;
Med31;0.016156;;;;;;;;;;;;;;;;
Kxd1;0.016465;;;;;;;;;;;;;;;;
Fosb;0.016465;;;;;;;;;;;;;;;;
Dcn;0.016709;;;;;;;;;;;;;;;;
Pisd-ps1;0.016902;;;;;;;;;;;;;;;;
G3bp2;0.017291;;;;;;;;;;;;;;;;
Swi5;0.017906;;;;;;;;;;;;;;;;
Nsmaf;0.018018;;;;;;;;;;;;;;;;
Ilkap;0.018034;;;;;;;;;;;;;;;;
Slc18a2;0.018356;;;;;;;;;;;;;;;;
Syvn1;0.018932;;;;;;;;;;;;;;;;
Anapc11;0.019282;;;;;;;;;;;;;;;;
Tmem64;0.019897;;;;;;;;;;;;;;;;
Zdhhc21;0.020387;;;;;;;;;;;;;;;;
Tubgcp3;0.020387;;;;;;;;;;;;;;;;
Tex9;0.020456;;;;;;;;;;;;;;;;
Ppfia4;0.020456;;;;;;;;;;;;;;;;
Plekhn1;0.020456;;;;;;;;;;;;;;;;
Ptn;0.020456;;;;;;;;;;;;;;;;
Ccdc78;0.020456;;;;;;;;;;;;;;;;
Ccdc109b;0.020456;;;;;;;;;;;;;;;;
Slc37a4;0.020456;;;;;;;;;;;;;;;;
Tbl2;0.020456;;;;;;;;;;;;;;;;
Thap6;0.020456;;;;;;;;;;;;;;;;
Tnfaip8l2;0.020456;;;;;;;;;;;;;;;;
B3gnt3;0.020456;;;;;;;;;;;;;;;;
Prss35;0.020456;;;;;;;;;;;;;;;;
Prrx1;0.020456;;;;;;;;;;;;;;;;
Asrgl1;0.020456;;;;;;;;;;;;;;;;
Arl11;0.020456;;;;;;;;;;;;;;;;
Fstl3;0.020456;;;;;;;;;;;;;;;;
Apba1;0.020456;;;;;;;;;;;;;;;;
Svopl;0.020456;;;;;;;;;;;;;;;;
Glipr1;0.020456;;;;;;;;;;;;;;;;
Mlycd;0.020456;;;;;;;;;;;;;;;;
Gm14023;0.020456;;;;;;;;;;;;;;;;
Zfp109;0.020456;;;;;;;;;;;;;;;;
Zfp300;0.020456;;;;;;;;;;;;;;;;
Ttc7b;0.020456;;;;;;;;;;;;;;;;
Urb1;0.020456;;;;;;;;;;;;;;;;
Clic6;0.020456;;;;;;;;;;;;;;;;
Cyb5d2;0.020456;;;;;;;;;;;;;;;;
Gramd3;0.020456;;;;;;;;;;;;;;;;
Fbln2;0.020456;;;;;;;;;;;;;;;;
Zswim3;0.020456;;;;;;;;;;;;;;;;
Lrrc29;0.020456;;;;;;;;;;;;;;;;
Lyrm1;0.020456;;;;;;;;;;;;;;;;
Fam179b;0.020644;;;;;;;;;;;;;;;;
Trip11;0.020745;;;;;;;;;;;;;;;;
Ago2;0.022006;;;;;;;;;;;;;;;;
AI462493;0.022428;;;;;;;;;;;;;;;;
Tmem126b;0.022598;;;;;;;;;;;;;;;;
Ngfrap1;0.02302;;;;;;;;;;;;;;;;
Zbed4;0.023588;;;;;;;;;;;;;;;;
Acat1;0.023719;;;;;;;;;;;;;;;;
Srd5a3;0.02547;;;;;;;;;;;;;;;;
Prodh;0.025628;;;;;;;;;;;;;;;;
Bbs5;0.025628;;;;;;;;;;;;;;;;
Adat2;0.025628;;;;;;;;;;;;;;;;
Hnmt;0.025628;;;;;;;;;;;;;;;;
Med26;0.025628;;;;;;;;;;;;;;;;
L1cam;0.025628;;;;;;;;;;;;;;;;
Trub1;0.025628;;;;;;;;;;;;;;;;
Trmt12;0.025628;;;;;;;;;;;;;;;;
Tpx2;0.025628;;;;;;;;;;;;;;;;
Zbtb37;0.025628;;;;;;;;;;;;;;;;
Gm4013;0.025628;;;;;;;;;;;;;;;;
Rassf9;0.025628;;;;;;;;;;;;;;;;
Fat1;0.026465;;;;;;;;;;;;;;;;
Mief2;0.027671;;;;;;;;;;;;;;;;
Bet1l;0.027967;;;;;;;;;;;;;;;;
0610009B22Rik;0.02848;;;;;;;;;;;;;;;;
Appl2;0.028599;;;;;;;;;;;;;;;;
Ccdc80;0.028599;;;;;;;;;;;;;;;;
Dnajc15;0.030541;;;;;;;;;;;;;;;;
Tmem39a;0.030541;;;;;;;;;;;;;;;;
Tmem19;0.0314;;;;;;;;;;;;;;;;
Mrpl47;0.032269;;;;;;;;;;;;;;;;
Nfkbie;0.032746;;;;;;;;;;;;;;;;
Akr1b8;0.032746;;;;;;;;;;;;;;;;
Kif9;0.032746;;;;;;;;;;;;;;;;
Kdm8;0.032746;;;;;;;;;;;;;;;;
Ccdc138;0.032746;;;;;;;;;;;;;;;;
Mmp23;0.032746;;;;;;;;;;;;;;;;
Meox1;0.032746;;;;;;;;;;;;;;;;
Lilra5;0.032746;;;;;;;;;;;;;;;;
Large;0.032746;;;;;;;;;;;;;;;;
Ovol1;0.032746;;;;;;;;;;;;;;;;
Gm11517;0.032746;;;;;;;;;;;;;;;;
Zbtb2;0.032746;;;;;;;;;;;;;;;;
Chst3;0.032746;;;;;;;;;;;;;;;;
Slc39a3;0.032746;;;;;;;;;;;;;;;;
Rnf150;0.032746;;;;;;;;;;;;;;;;
Rad18;0.032746;;;;;;;;;;;;;;;;
Man1a2;0.033077;;;;;;;;;;;;;;;;
Gm608;0.033489;;;;;;;;;;;;;;;;
Pkp4;0.035076;;;;;;;;;;;;;;;;
Ctbp2;0.035096;;;;;;;;;;;;;;;;
Baz2b;0.035366;;;;;;;;;;;;;;;;
Yeats2;0.035406;;;;;;;;;;;;;;;;
Mlec;0.037781;;;;;;;;;;;;;;;;
Il13ra1;0.039112;;;;;;;;;;;;;;;;
D17Wsu104e;0.039336;;;;;;;;;;;;;;;;
Il1r1;0.039479;;;;;;;;;;;;;;;;
C920006O11Rik;0.039701;;;;;;;;;;;;;;;;
Arg2;0.039701;;;;;;;;;;;;;;;;
Pira2;0.039701;;;;;;;;;;;;;;;;
Icosl;0.039701;;;;;;;;;;;;;;;;
Plk1;0.039701;;;;;;;;;;;;;;;;
Postn;0.039701;;;;;;;;;;;;;;;;
L3mbtl2;0.039701;;;;;;;;;;;;;;;;
Fam175a;0.039701;;;;;;;;;;;;;;;;
Senp8;0.039701;;;;;;;;;;;;;;;;
Dclre1b;0.039701;;;;;;;;;;;;;;;;
Fndc1;0.039701;;;;;;;;;;;;;;;;
Ggt5;0.039701;;;;;;;;;;;;;;;;
Trit1;0.039701;;;;;;;;;;;;;;;;
Ndor1;0.039701;;;;;;;;;;;;;;;;
H2-DMb1;0.039701;;;;;;;;;;;;;;;;
Heatr2;0.039701;;;;;;;;;;;;;;;;
Mdm4;0.041686;;;;;;;;;;;;;;;;
Acot13;0.042404;;;;;;;;;;;;;;;;
Heatr5a;0.042722;;;;;;;;;;;;;;;;
Itpr2;0.043252;;;;;;;;;;;;;;;;
Tacstd2;0.046274;;;;;;;;;;;;;;;;
Tmem231;0.046274;;;;;;;;;;;;;;;;
Tmem45a;0.046274;;;;;;;;;;;;;;;;
Tmem8;0.046274;;;;;;;;;;;;;;;;
Tubgcp2;0.046274;;;;;;;;;;;;;;;;
Ube2t;0.046274;;;;;;;;;;;;;;;;
Unk;0.046274;;;;;;;;;;;;;;;;
Wdr34;0.046274;;;;;;;;;;;;;;;;
Clip4;0.046274;;;;;;;;;;;;;;;;
Cops7b;0.046274;;;;;;;;;;;;;;;;
Creld1;0.046274;;;;;;;;;;;;;;;;
Cyth1;0.046274;;;;;;;;;;;;;;;;
Lepr;0.046274;;;;;;;;;;;;;;;;
Lrrc25;0.046274;;;;;;;;;;;;;;;;
Lrrc75a;0.046274;;;;;;;;;;;;;;;;
Nnat;0.046274;;;;;;;;;;;;;;;;
Nat2;0.046274;;;;;;;;;;;;;;;;
Gm20939;0.046274;;;;;;;;;;;;;;;;
Zbtb33;0.046274;;;;;;;;;;;;;;;;
Zfp7;0.046274;;;;;;;;;;;;;;;;
Slc4a4;0.046274;;;;;;;;;;;;;;;;
Sik2;0.046274;;;;;;;;;;;;;;;;
Rhbdd1;0.046274;;;;;;;;;;;;;;;;
Iqcc;0.046274;;;;;;;;;;;;;;;;
Krtcap3;0.046274;;;;;;;;;;;;;;;;
Alms1;0.046274;;;;;;;;;;;;;;;;
Ccdc171;0.046274;;;;;;;;;;;;;;;;
Cenpn;0.046274;;;;;;;;;;;;;;;;
Poc5;0.046274;;;;;;;;;;;;;;;;
Cep350;0.046357;;;;;;;;;;;;;;;;
Ubr2;0.047146;;;;;;;;;;;;;;;;
Pfdn2;0.047756;;;;;;;;;;;;;;;;
Larp4b;0.048271;;;;;;;;;;;;;;;;